Diagnosis,LogsheetType,LogsheetTab,Column,Row,Value,ExtendedDiagnosis,FilePath,DataType,Requirement
orcid error,sediment,sampling,sampl_person,7,"Houbin, Daguin, Comtet",orcid 0000-0002-4572-3371 corresponds to person name Céline Houbin,/github/workspace/logsheets/filtered/sediment_sampling.csv,XSDString,mandatory
orcid error,sediment,sampling,sampl_person,8,"Houbin, Daguin, Comtet",orcid 0000-0002-4572-3371 corresponds to person name Céline Houbin,/github/workspace/logsheets/filtered/sediment_sampling.csv,XSDString,mandatory
orcid error,sediment,sampling,sampl_person,9,"Houbin, Daguin, Comtet",orcid 0000-0002-4572-3371 corresponds to person name Céline Houbin,/github/workspace/logsheets/filtered/sediment_sampling.csv,XSDString,mandatory
orcid error,sediment,sampling,sampl_person,10,"Houbin, Daguin, Comtet",orcid 0000-0002-4572-3371 corresponds to person name Céline Houbin,/github/workspace/logsheets/filtered/sediment_sampling.csv,XSDString,mandatory
source_mat_id error,sediment,sampling,source_mat_id,1,EMOBON_ROSKOGO_So_1,source_mat_id should match ^EMOBON_ROSKOGO_So_210826_micro_1$,/github/workspace/logsheets/filtered/sediment_sampling.csv,XSDString,mandatory
source_mat_id error,sediment,sampling,source_mat_id,2,EMOBON_ROSKOGO_So_2,source_mat_id should match ^EMOBON_ROSKOGO_So_210826_micro_2$,/github/workspace/logsheets/filtered/sediment_sampling.csv,XSDString,mandatory
source_mat_id error,sediment,sampling,source_mat_id,3,EMOBON_ROSKOGO_So_3,source_mat_id should match ^EMOBON_ROSKOGO_So_210826_micro_3$,/github/workspace/logsheets/filtered/sediment_sampling.csv,XSDString,mandatory
source_mat_id error,sediment,sampling,source_mat_id,4,EMOBON_ROSKOGO_So_4,source_mat_id should match ^EMOBON_ROSKOGO_So_210826_micro_4$,/github/workspace/logsheets/filtered/sediment_sampling.csv,XSDString,mandatory
source_mat_id error,sediment,sampling,source_mat_id,5,EMOBON_ROSKOGO_So_5,source_mat_id should match ^EMOBON_ROSKOGO_So_210826_micro_blank_1$,/github/workspace/logsheets/filtered/sediment_sampling.csv,XSDString,mandatory
source_mat_id error,sediment,sampling,source_mat_id,6,EMOBON_ROSKOGO_So_6,source_mat_id should match ^EMOBON_ROSKOGO_So_210923_macro_1$,/github/workspace/logsheets/filtered/sediment_sampling.csv,XSDString,mandatory
source_mat_id error,sediment,sampling,source_mat_id,7,EMOBON_ROSKOGO_So_7,source_mat_id should match ^EMOBON_ROSKOGO_So_210923_macro_2$,/github/workspace/logsheets/filtered/sediment_sampling.csv,XSDString,mandatory
source_mat_id error,sediment,sampling,source_mat_id,8,EMOBON_ROSKOGO_So_8,source_mat_id should match ^EMOBON_ROSKOGO_So_210923_macro_3$,/github/workspace/logsheets/filtered/sediment_sampling.csv,XSDString,mandatory
source_mat_id error,sediment,sampling,source_mat_id,9,EMOBON_ROSKOGO_So_9,source_mat_id should match ^EMOBON_ROSKOGO_So_210923_macro_4$,/github/workspace/logsheets/filtered/sediment_sampling.csv,XSDString,mandatory
source_mat_id error,sediment,sampling,source_mat_id,10,EMOBON_ROSKOGO_So_10,source_mat_id should match ^EMOBON_ROSKOGO_So_210923_macro_blank_1$,/github/workspace/logsheets/filtered/sediment_sampling.csv,XSDString,mandatory
source_mat_id error,sediment,sampling,source_mat_id,11,EMOBON_ROSKOGO_So_11,source_mat_id should match ^EMOBON_ROSKOGO_So_211119_meio_1$,/github/workspace/logsheets/filtered/sediment_sampling.csv,XSDString,mandatory
source_mat_id error,sediment,sampling,source_mat_id,12,EMOBON_ROSKOGO_So_12,source_mat_id should match ^EMOBON_ROSKOGO_So_211119_meio_2$,/github/workspace/logsheets/filtered/sediment_sampling.csv,XSDString,mandatory
source_mat_id error,sediment,sampling,source_mat_id,13,EMOBON_ROSKOGO_So_13,source_mat_id should match ^EMOBON_ROSKOGO_So_211119_meio_3$,/github/workspace/logsheets/filtered/sediment_sampling.csv,XSDString,mandatory
source_mat_id error,sediment,sampling,source_mat_id,14,EMOBON_ROSKOGO_So_14,source_mat_id should match ^EMOBON_ROSKOGO_So_211119_meio_4$,/github/workspace/logsheets/filtered/sediment_sampling.csv,XSDString,mandatory
source_mat_id error,sediment,sampling,source_mat_id,15,EMOBON_ROSKOGO_So_15,source_mat_id should match ^EMOBON_ROSKOGO_So_211119_meio_blank_1$,/github/workspace/logsheets/filtered/sediment_sampling.csv,XSDString,mandatory
source_mat_id error,sediment,sampling,source_mat_id,16,EMOBON_ROSKOGO_So_16,source_mat_id should match ^EMOBON_ROSKOGO_So_211119_micro_1$,/github/workspace/logsheets/filtered/sediment_sampling.csv,XSDString,mandatory
source_mat_id error,sediment,sampling,source_mat_id,17,EMOBON_ROSKOGO_So_17,source_mat_id should match ^EMOBON_ROSKOGO_So_211119_micro_2$,/github/workspace/logsheets/filtered/sediment_sampling.csv,XSDString,mandatory
source_mat_id error,sediment,sampling,source_mat_id,18,EMOBON_ROSKOGO_So_18,source_mat_id should match ^EMOBON_ROSKOGO_So_211119_micro_3$,/github/workspace/logsheets/filtered/sediment_sampling.csv,XSDString,mandatory
source_mat_id error,sediment,sampling,source_mat_id,19,EMOBON_ROSKOGO_So_19,source_mat_id should match ^EMOBON_ROSKOGO_So_211119_micro_4$,/github/workspace/logsheets/filtered/sediment_sampling.csv,XSDString,mandatory
source_mat_id error,sediment,sampling,source_mat_id,20,EMOBON_ROSKOGO_So_20,source_mat_id should match ^EMOBON_ROSKOGO_So_211119_micro_blank_1$,/github/workspace/logsheets/filtered/sediment_sampling.csv,XSDString,mandatory
source_mat_id error,water,sampling,source_mat_id,1,EMOBON_ROSKOGO_Wa_1,source_mat_id should match ^EMOBON_ROSKOGO_Wa_210618_200um_1$,/github/workspace/logsheets/filtered/water_sampling.csv,XSDString,mandatory
source_mat_id error,water,sampling,source_mat_id,2,EMOBON_ROSKOGO_Wa_2,source_mat_id should match ^EMOBON_ROSKOGO_Wa_210618_200um_2$,/github/workspace/logsheets/filtered/water_sampling.csv,XSDString,mandatory
source_mat_id error,water,sampling,source_mat_id,3,EMOBON_ROSKOGO_Wa_3,source_mat_id should match ^EMOBON_ROSKOGO_Wa_210618_200um_3$,/github/workspace/logsheets/filtered/water_sampling.csv,XSDString,mandatory
source_mat_id error,water,sampling,source_mat_id,4,EMOBON_ROSKOGO_Wa_4,source_mat_id should match ^EMOBON_ROSKOGO_Wa_210618_200um_4$,/github/workspace/logsheets/filtered/water_sampling.csv,XSDString,mandatory
source_mat_id error,water,sampling,source_mat_id,5,EMOBON_ROSKOGO_Wa_5,source_mat_id should match ^EMOBON_ROSKOGO_Wa_210618_3um_1$,/github/workspace/logsheets/filtered/water_sampling.csv,XSDString,mandatory
source_mat_id error,water,sampling,source_mat_id,6,EMOBON_ROSKOGO_Wa_6,source_mat_id should match ^EMOBON_ROSKOGO_Wa_210618_3um_2$,/github/workspace/logsheets/filtered/water_sampling.csv,XSDString,mandatory
source_mat_id error,water,sampling,source_mat_id,7,EMOBON_ROSKOGO_Wa_7,source_mat_id should match ^EMOBON_ROSKOGO_Wa_210618_3um_3$,/github/workspace/logsheets/filtered/water_sampling.csv,XSDString,mandatory
source_mat_id error,water,sampling,source_mat_id,8,EMOBON_ROSKOGO_Wa_8,source_mat_id should match ^EMOBON_ROSKOGO_Wa_210618_3um_4$,/github/workspace/logsheets/filtered/water_sampling.csv,XSDString,mandatory
source_mat_id error,water,sampling,source_mat_id,9,EMOBON_ROSKOGO_Wa_9,source_mat_id should match ^EMOBON_ROSKOGO_Wa_210618_um_blank_1$,/github/workspace/logsheets/filtered/water_sampling.csv,XSDString,mandatory
source_mat_id error,water,sampling,source_mat_id,10,EMOBON_ROSKOGO_Wa_10,source_mat_id should match ^EMOBON_ROSKOGO_Wa_210618_um_blank_2$,/github/workspace/logsheets/filtered/water_sampling.csv,XSDString,mandatory
source_mat_id error,water,sampling,source_mat_id,11,EMOBON_ROSKOGO_Wa_11,source_mat_id should match ^EMOBON_ROSKOGO_Wa_210618_3um_blank_1$,/github/workspace/logsheets/filtered/water_sampling.csv,XSDString,mandatory
source_mat_id error,water,sampling,source_mat_id,12,EMOBON_ROSKOGO_Wa_12,source_mat_id should match ^EMOBON_ROSKOGO_Wa_210618_3um_blank_2$,/github/workspace/logsheets/filtered/water_sampling.csv,XSDString,mandatory
source_mat_id error,water,sampling,source_mat_id,13,EMOBON_ROSKOGO_Wa_13,source_mat_id should match ^EMOBON_ROSKOGO_Wa_210802_200um_1$,/github/workspace/logsheets/filtered/water_sampling.csv,XSDString,mandatory
source_mat_id error,water,sampling,source_mat_id,14,EMOBON_ROSKOGO_Wa_14,source_mat_id should match ^EMOBON_ROSKOGO_Wa_210802_200um_2$,/github/workspace/logsheets/filtered/water_sampling.csv,XSDString,mandatory
source_mat_id error,water,sampling,source_mat_id,15,EMOBON_ROSKOGO_Wa_15,source_mat_id should match ^EMOBON_ROSKOGO_Wa_210802_200um_3$,/github/workspace/logsheets/filtered/water_sampling.csv,XSDString,mandatory
source_mat_id error,water,sampling,source_mat_id,16,EMOBON_ROSKOGO_Wa_16,source_mat_id should match ^EMOBON_ROSKOGO_Wa_210802_200um_4$,/github/workspace/logsheets/filtered/water_sampling.csv,XSDString,mandatory
source_mat_id error,water,sampling,source_mat_id,17,EMOBON_ROSKOGO_Wa_17,source_mat_id should match ^EMOBON_ROSKOGO_Wa_210802_3um_1$,/github/workspace/logsheets/filtered/water_sampling.csv,XSDString,mandatory
source_mat_id error,water,sampling,source_mat_id,18,EMOBON_ROSKOGO_Wa_18,source_mat_id should match ^EMOBON_ROSKOGO_Wa_210802_3um_2$,/github/workspace/logsheets/filtered/water_sampling.csv,XSDString,mandatory
source_mat_id error,water,sampling,source_mat_id,19,EMOBON_ROSKOGO_Wa_19,source_mat_id should match ^EMOBON_ROSKOGO_Wa_210802_3um_3$,/github/workspace/logsheets/filtered/water_sampling.csv,XSDString,mandatory
source_mat_id error,water,sampling,source_mat_id,20,EMOBON_ROSKOGO_Wa_20,source_mat_id should match ^EMOBON_ROSKOGO_Wa_210802_3um_4$,/github/workspace/logsheets/filtered/water_sampling.csv,XSDString,mandatory
source_mat_id error,water,sampling,source_mat_id,21,EMOBON_ROSKOGO_Wa_21,source_mat_id should match ^EMOBON_ROSKOGO_Wa_210802_um_blank_1$,/github/workspace/logsheets/filtered/water_sampling.csv,XSDString,mandatory
source_mat_id error,water,sampling,source_mat_id,22,EMOBON_ROSKOGO_Wa_22,source_mat_id should match ^EMOBON_ROSKOGO_Wa_210802_3um_blank_1$,/github/workspace/logsheets/filtered/water_sampling.csv,XSDString,mandatory
source_mat_id error,water,sampling,source_mat_id,23,EMOBON_ROSKOGO_Wa_23,source_mat_id should match ^EMOBON_ROSKOGO_Wa_211014_200um_1$,/github/workspace/logsheets/filtered/water_sampling.csv,XSDString,mandatory
source_mat_id error,water,sampling,source_mat_id,24,EMOBON_ROSKOGO_Wa_24,source_mat_id should match ^EMOBON_ROSKOGO_Wa_211014_200um_2$,/github/workspace/logsheets/filtered/water_sampling.csv,XSDString,mandatory
source_mat_id error,water,sampling,source_mat_id,25,EMOBON_ROSKOGO_Wa_25,source_mat_id should match ^EMOBON_ROSKOGO_Wa_211014_200um_3$,/github/workspace/logsheets/filtered/water_sampling.csv,XSDString,mandatory
source_mat_id error,water,sampling,source_mat_id,26,EMOBON_ROSKOGO_Wa_26,source_mat_id should match ^EMOBON_ROSKOGO_Wa_211014_200um_4$,/github/workspace/logsheets/filtered/water_sampling.csv,XSDString,mandatory
source_mat_id error,water,sampling,source_mat_id,27,EMOBON_ROSKOGO_Wa_27,source_mat_id should match ^EMOBON_ROSKOGO_Wa_211014_3um_1$,/github/workspace/logsheets/filtered/water_sampling.csv,XSDString,mandatory
source_mat_id error,water,sampling,source_mat_id,28,EMOBON_ROSKOGO_Wa_28,source_mat_id should match ^EMOBON_ROSKOGO_Wa_211014_3um_2$,/github/workspace/logsheets/filtered/water_sampling.csv,XSDString,mandatory
source_mat_id error,water,sampling,source_mat_id,29,EMOBON_ROSKOGO_Wa_29,source_mat_id should match ^EMOBON_ROSKOGO_Wa_211014_3um_3$,/github/workspace/logsheets/filtered/water_sampling.csv,XSDString,mandatory
source_mat_id error,water,sampling,source_mat_id,30,EMOBON_ROSKOGO_Wa_30,source_mat_id should match ^EMOBON_ROSKOGO_Wa_211014_3um_4$,/github/workspace/logsheets/filtered/water_sampling.csv,XSDString,mandatory
source_mat_id error,water,sampling,source_mat_id,31,EMOBON_ROSKOGO_Wa_31,source_mat_id should match ^EMOBON_ROSKOGO_Wa_211014_um_blank_1$,/github/workspace/logsheets/filtered/water_sampling.csv,XSDString,mandatory
source_mat_id error,water,sampling,source_mat_id,32,EMOBON_ROSKOGO_Wa_32,source_mat_id should match ^EMOBON_ROSKOGO_Wa_211014_3um_blank_1$,/github/workspace/logsheets/filtered/water_sampling.csv,XSDString,mandatory
source_mat_id error,water,sampling,source_mat_id,33,EMOBON_ROSKOGO_Wa_33,source_mat_id should match ^EMOBON_ROSKOGO_Wa_211213_200um_1$,/github/workspace/logsheets/filtered/water_sampling.csv,XSDString,mandatory
source_mat_id error,water,sampling,source_mat_id,34,EMOBON_ROSKOGO_Wa_34,source_mat_id should match ^EMOBON_ROSKOGO_Wa_211213_200um_2$,/github/workspace/logsheets/filtered/water_sampling.csv,XSDString,mandatory
source_mat_id error,water,sampling,source_mat_id,35,EMOBON_ROSKOGO_Wa_35,source_mat_id should match ^EMOBON_ROSKOGO_Wa_211213_200um_3$,/github/workspace/logsheets/filtered/water_sampling.csv,XSDString,mandatory
source_mat_id error,water,sampling,source_mat_id,36,EMOBON_ROSKOGO_Wa_36,source_mat_id should match ^EMOBON_ROSKOGO_Wa_211213_200um_4$,/github/workspace/logsheets/filtered/water_sampling.csv,XSDString,mandatory
source_mat_id error,water,sampling,source_mat_id,37,EMOBON_ROSKOGO_Wa_37,source_mat_id should match ^EMOBON_ROSKOGO_Wa_211213_3um_1$,/github/workspace/logsheets/filtered/water_sampling.csv,XSDString,mandatory
source_mat_id error,water,sampling,source_mat_id,38,EMOBON_ROSKOGO_Wa_38,source_mat_id should match ^EMOBON_ROSKOGO_Wa_211213_3um_2$,/github/workspace/logsheets/filtered/water_sampling.csv,XSDString,mandatory
source_mat_id error,water,sampling,source_mat_id,39,EMOBON_ROSKOGO_Wa_39,source_mat_id should match ^EMOBON_ROSKOGO_Wa_211213_3um_3$,/github/workspace/logsheets/filtered/water_sampling.csv,XSDString,mandatory
source_mat_id error,water,sampling,source_mat_id,40,EMOBON_ROSKOGO_Wa_40,source_mat_id should match ^EMOBON_ROSKOGO_Wa_211213_3um_4$,/github/workspace/logsheets/filtered/water_sampling.csv,XSDString,mandatory
source_mat_id error,water,sampling,source_mat_id,41,EMOBON_ROSKOGO_Wa_41,source_mat_id should match ^EMOBON_ROSKOGO_Wa_211213_um_blank_1$,/github/workspace/logsheets/filtered/water_sampling.csv,XSDString,mandatory
source_mat_id error,water,sampling,source_mat_id,42,EMOBON_ROSKOGO_Wa_42,source_mat_id should match ^EMOBON_ROSKOGO_Wa_211213_3um_blank_1$,/github/workspace/logsheets/filtered/water_sampling.csv,XSDString,mandatory
missing value,sediment,measured,ph,1,<empty>,\,/github/workspace/logsheets/filtered/sediment_measured.csv,XSDFloat,mandatory
missing value,sediment,measured,ph,2,<empty>,\,/github/workspace/logsheets/filtered/sediment_measured.csv,XSDFloat,mandatory
missing value,sediment,measured,ph,3,<empty>,\,/github/workspace/logsheets/filtered/sediment_measured.csv,XSDFloat,mandatory
missing value,sediment,measured,ph,4,<empty>,\,/github/workspace/logsheets/filtered/sediment_measured.csv,XSDFloat,mandatory
missing value,sediment,measured,ph,5,<empty>,\,/github/workspace/logsheets/filtered/sediment_measured.csv,XSDFloat,mandatory
missing value,sediment,measured,ph,6,<empty>,\,/github/workspace/logsheets/filtered/sediment_measured.csv,XSDFloat,mandatory
missing value,sediment,measured,ph,7,<empty>,\,/github/workspace/logsheets/filtered/sediment_measured.csv,XSDFloat,mandatory
missing value,sediment,measured,ph,8,<empty>,\,/github/workspace/logsheets/filtered/sediment_measured.csv,XSDFloat,mandatory
missing value,sediment,measured,ph,9,<empty>,\,/github/workspace/logsheets/filtered/sediment_measured.csv,XSDFloat,mandatory
missing value,sediment,measured,ph,10,<empty>,\,/github/workspace/logsheets/filtered/sediment_measured.csv,XSDFloat,mandatory
missing value,sediment,measured,ph,11,<empty>,\,/github/workspace/logsheets/filtered/sediment_measured.csv,XSDFloat,mandatory
missing value,sediment,measured,ph,12,<empty>,\,/github/workspace/logsheets/filtered/sediment_measured.csv,XSDFloat,mandatory
missing value,sediment,measured,ph,13,<empty>,\,/github/workspace/logsheets/filtered/sediment_measured.csv,XSDFloat,mandatory
missing value,sediment,measured,ph,14,<empty>,\,/github/workspace/logsheets/filtered/sediment_measured.csv,XSDFloat,mandatory
missing value,sediment,measured,ph,15,<empty>,\,/github/workspace/logsheets/filtered/sediment_measured.csv,XSDFloat,mandatory
missing value,sediment,measured,ph,16,<empty>,\,/github/workspace/logsheets/filtered/sediment_measured.csv,XSDFloat,mandatory
missing value,sediment,measured,ph,17,<empty>,\,/github/workspace/logsheets/filtered/sediment_measured.csv,XSDFloat,mandatory
missing value,sediment,measured,ph,18,<empty>,\,/github/workspace/logsheets/filtered/sediment_measured.csv,XSDFloat,mandatory
missing value,sediment,measured,ph,19,<empty>,\,/github/workspace/logsheets/filtered/sediment_measured.csv,XSDFloat,mandatory
missing value,sediment,measured,ph,20,<empty>,\,/github/workspace/logsheets/filtered/sediment_measured.csv,XSDFloat,mandatory
missing value,sediment,measured,ph_method,1,<empty>,\,/github/workspace/logsheets/filtered/sediment_measured.csv,XSDString,mandatory
missing value,sediment,measured,ph_method,2,<empty>,\,/github/workspace/logsheets/filtered/sediment_measured.csv,XSDString,mandatory
missing value,sediment,measured,ph_method,3,<empty>,\,/github/workspace/logsheets/filtered/sediment_measured.csv,XSDString,mandatory
missing value,sediment,measured,ph_method,4,<empty>,\,/github/workspace/logsheets/filtered/sediment_measured.csv,XSDString,mandatory
missing value,sediment,measured,ph_method,5,<empty>,\,/github/workspace/logsheets/filtered/sediment_measured.csv,XSDString,mandatory
missing value,sediment,measured,ph_method,6,<empty>,\,/github/workspace/logsheets/filtered/sediment_measured.csv,XSDString,mandatory
missing value,sediment,measured,ph_method,7,<empty>,\,/github/workspace/logsheets/filtered/sediment_measured.csv,XSDString,mandatory
missing value,sediment,measured,ph_method,8,<empty>,\,/github/workspace/logsheets/filtered/sediment_measured.csv,XSDString,mandatory
missing value,sediment,measured,ph_method,9,<empty>,\,/github/workspace/logsheets/filtered/sediment_measured.csv,XSDString,mandatory
missing value,sediment,measured,ph_method,10,<empty>,\,/github/workspace/logsheets/filtered/sediment_measured.csv,XSDString,mandatory
missing value,sediment,measured,ph_method,11,<empty>,\,/github/workspace/logsheets/filtered/sediment_measured.csv,XSDString,mandatory
missing value,sediment,measured,ph_method,12,<empty>,\,/github/workspace/logsheets/filtered/sediment_measured.csv,XSDString,mandatory
missing value,sediment,measured,ph_method,13,<empty>,\,/github/workspace/logsheets/filtered/sediment_measured.csv,XSDString,mandatory
missing value,sediment,measured,ph_method,14,<empty>,\,/github/workspace/logsheets/filtered/sediment_measured.csv,XSDString,mandatory
missing value,sediment,measured,ph_method,15,<empty>,\,/github/workspace/logsheets/filtered/sediment_measured.csv,XSDString,mandatory
missing value,sediment,measured,ph_method,16,<empty>,\,/github/workspace/logsheets/filtered/sediment_measured.csv,XSDString,mandatory
missing value,sediment,measured,ph_method,17,<empty>,\,/github/workspace/logsheets/filtered/sediment_measured.csv,XSDString,mandatory
missing value,sediment,measured,ph_method,18,<empty>,\,/github/workspace/logsheets/filtered/sediment_measured.csv,XSDString,mandatory
missing value,sediment,measured,ph_method,19,<empty>,\,/github/workspace/logsheets/filtered/sediment_measured.csv,XSDString,mandatory
missing value,sediment,measured,ph_method,20,<empty>,\,/github/workspace/logsheets/filtered/sediment_measured.csv,XSDString,mandatory
missing value,sediment,measured,redox_potential,1,<empty>,\,/github/workspace/logsheets/filtered/sediment_measured.csv,XSDFloat,mandatory
missing value,sediment,measured,redox_potential,2,<empty>,\,/github/workspace/logsheets/filtered/sediment_measured.csv,XSDFloat,mandatory
missing value,sediment,measured,redox_potential,3,<empty>,\,/github/workspace/logsheets/filtered/sediment_measured.csv,XSDFloat,mandatory
missing value,sediment,measured,redox_potential,4,<empty>,\,/github/workspace/logsheets/filtered/sediment_measured.csv,XSDFloat,mandatory
missing value,sediment,measured,redox_potential,5,<empty>,\,/github/workspace/logsheets/filtered/sediment_measured.csv,XSDFloat,mandatory
missing value,sediment,measured,redox_potential,6,<empty>,\,/github/workspace/logsheets/filtered/sediment_measured.csv,XSDFloat,mandatory
missing value,sediment,measured,redox_potential,7,<empty>,\,/github/workspace/logsheets/filtered/sediment_measured.csv,XSDFloat,mandatory
missing value,sediment,measured,redox_potential,8,<empty>,\,/github/workspace/logsheets/filtered/sediment_measured.csv,XSDFloat,mandatory
missing value,sediment,measured,redox_potential,9,<empty>,\,/github/workspace/logsheets/filtered/sediment_measured.csv,XSDFloat,mandatory
missing value,sediment,measured,redox_potential,10,<empty>,\,/github/workspace/logsheets/filtered/sediment_measured.csv,XSDFloat,mandatory
missing value,sediment,measured,redox_potential,11,<empty>,\,/github/workspace/logsheets/filtered/sediment_measured.csv,XSDFloat,mandatory
missing value,sediment,measured,redox_potential,12,<empty>,\,/github/workspace/logsheets/filtered/sediment_measured.csv,XSDFloat,mandatory
missing value,sediment,measured,redox_potential,13,<empty>,\,/github/workspace/logsheets/filtered/sediment_measured.csv,XSDFloat,mandatory
missing value,sediment,measured,redox_potential,14,<empty>,\,/github/workspace/logsheets/filtered/sediment_measured.csv,XSDFloat,mandatory
missing value,sediment,measured,redox_potential,15,<empty>,\,/github/workspace/logsheets/filtered/sediment_measured.csv,XSDFloat,mandatory
missing value,sediment,measured,redox_potential,16,<empty>,\,/github/workspace/logsheets/filtered/sediment_measured.csv,XSDFloat,mandatory
missing value,sediment,measured,redox_potential,17,<empty>,\,/github/workspace/logsheets/filtered/sediment_measured.csv,XSDFloat,mandatory
missing value,sediment,measured,redox_potential,18,<empty>,\,/github/workspace/logsheets/filtered/sediment_measured.csv,XSDFloat,mandatory
missing value,sediment,measured,redox_potential,19,<empty>,\,/github/workspace/logsheets/filtered/sediment_measured.csv,XSDFloat,mandatory
missing value,sediment,measured,redox_potential,20,<empty>,\,/github/workspace/logsheets/filtered/sediment_measured.csv,XSDFloat,mandatory
datatype mismatch,sediment,measured,sea_surf_temp,5,irrelevant,\,/github/workspace/logsheets/filtered/sediment_measured.csv,XSDFloat,mandatory
datatype mismatch,sediment,measured,sea_surf_temp,10,irrelevant,\,/github/workspace/logsheets/filtered/sediment_measured.csv,XSDFloat,mandatory
datatype mismatch,sediment,measured,sea_surf_temp,15,irrelevant,\,/github/workspace/logsheets/filtered/sediment_measured.csv,XSDFloat,mandatory
datatype mismatch,sediment,measured,sea_surf_temp,20,irrelevant,\,/github/workspace/logsheets/filtered/sediment_measured.csv,XSDFloat,mandatory
missing value,sediment,measured,sea_surf_temp_method,5,<empty>,\,/github/workspace/logsheets/filtered/sediment_measured.csv,XSDString,mandatory
missing value,sediment,measured,sea_surf_temp_method,10,<empty>,\,/github/workspace/logsheets/filtered/sediment_measured.csv,XSDString,mandatory
missing value,sediment,measured,sea_surf_temp_method,15,<empty>,\,/github/workspace/logsheets/filtered/sediment_measured.csv,XSDString,mandatory
missing value,sediment,measured,sea_surf_temp_method,20,<empty>,\,/github/workspace/logsheets/filtered/sediment_measured.csv,XSDString,mandatory
missing value,sediment,measured,sediment_temp,1,<empty>,\,/github/workspace/logsheets/filtered/sediment_measured.csv,XSDFloat,mandatory
missing value,sediment,measured,sediment_temp,2,<empty>,\,/github/workspace/logsheets/filtered/sediment_measured.csv,XSDFloat,mandatory
missing value,sediment,measured,sediment_temp,3,<empty>,\,/github/workspace/logsheets/filtered/sediment_measured.csv,XSDFloat,mandatory
missing value,sediment,measured,sediment_temp,4,<empty>,\,/github/workspace/logsheets/filtered/sediment_measured.csv,XSDFloat,mandatory
missing value,sediment,measured,sediment_temp,5,<empty>,\,/github/workspace/logsheets/filtered/sediment_measured.csv,XSDFloat,mandatory
missing value,sediment,measured,sediment_temp,10,<empty>,\,/github/workspace/logsheets/filtered/sediment_measured.csv,XSDFloat,mandatory
missing value,sediment,measured,sediment_temp,11,<empty>,\,/github/workspace/logsheets/filtered/sediment_measured.csv,XSDFloat,mandatory
missing value,sediment,measured,sediment_temp,12,<empty>,\,/github/workspace/logsheets/filtered/sediment_measured.csv,XSDFloat,mandatory
missing value,sediment,measured,sediment_temp,13,<empty>,\,/github/workspace/logsheets/filtered/sediment_measured.csv,XSDFloat,mandatory
missing value,sediment,measured,sediment_temp,14,<empty>,\,/github/workspace/logsheets/filtered/sediment_measured.csv,XSDFloat,mandatory
missing value,sediment,measured,sediment_temp,15,<empty>,\,/github/workspace/logsheets/filtered/sediment_measured.csv,XSDFloat,mandatory
missing value,sediment,measured,sediment_temp,16,<empty>,\,/github/workspace/logsheets/filtered/sediment_measured.csv,XSDFloat,mandatory
missing value,sediment,measured,sediment_temp,17,<empty>,\,/github/workspace/logsheets/filtered/sediment_measured.csv,XSDFloat,mandatory
missing value,sediment,measured,sediment_temp,18,<empty>,\,/github/workspace/logsheets/filtered/sediment_measured.csv,XSDFloat,mandatory
missing value,sediment,measured,sediment_temp,19,<empty>,\,/github/workspace/logsheets/filtered/sediment_measured.csv,XSDFloat,mandatory
missing value,sediment,measured,sediment_temp,20,<empty>,\,/github/workspace/logsheets/filtered/sediment_measured.csv,XSDFloat,mandatory
missing value,sediment,measured,sediment_temp_method,1,<empty>,\,/github/workspace/logsheets/filtered/sediment_measured.csv,XSDString,mandatory
missing value,sediment,measured,sediment_temp_method,2,<empty>,\,/github/workspace/logsheets/filtered/sediment_measured.csv,XSDString,mandatory
missing value,sediment,measured,sediment_temp_method,3,<empty>,\,/github/workspace/logsheets/filtered/sediment_measured.csv,XSDString,mandatory
missing value,sediment,measured,sediment_temp_method,4,<empty>,\,/github/workspace/logsheets/filtered/sediment_measured.csv,XSDString,mandatory
missing value,sediment,measured,sediment_temp_method,5,<empty>,\,/github/workspace/logsheets/filtered/sediment_measured.csv,XSDString,mandatory
missing value,sediment,measured,sediment_temp_method,10,<empty>,\,/github/workspace/logsheets/filtered/sediment_measured.csv,XSDString,mandatory
missing value,sediment,measured,sediment_temp_method,11,<empty>,\,/github/workspace/logsheets/filtered/sediment_measured.csv,XSDString,mandatory
missing value,sediment,measured,sediment_temp_method,12,<empty>,\,/github/workspace/logsheets/filtered/sediment_measured.csv,XSDString,mandatory
missing value,sediment,measured,sediment_temp_method,13,<empty>,\,/github/workspace/logsheets/filtered/sediment_measured.csv,XSDString,mandatory
missing value,sediment,measured,sediment_temp_method,14,<empty>,\,/github/workspace/logsheets/filtered/sediment_measured.csv,XSDString,mandatory
missing value,sediment,measured,sediment_temp_method,15,<empty>,\,/github/workspace/logsheets/filtered/sediment_measured.csv,XSDString,mandatory
missing value,sediment,measured,sediment_temp_method,16,<empty>,\,/github/workspace/logsheets/filtered/sediment_measured.csv,XSDString,mandatory
missing value,sediment,measured,sediment_temp_method,17,<empty>,\,/github/workspace/logsheets/filtered/sediment_measured.csv,XSDString,mandatory
missing value,sediment,measured,sediment_temp_method,18,<empty>,\,/github/workspace/logsheets/filtered/sediment_measured.csv,XSDString,mandatory
missing value,sediment,measured,sediment_temp_method,19,<empty>,\,/github/workspace/logsheets/filtered/sediment_measured.csv,XSDString,mandatory
missing value,sediment,measured,sediment_temp_method,20,<empty>,\,/github/workspace/logsheets/filtered/sediment_measured.csv,XSDString,mandatory
missing value,sediment,sampling,samp_mat_process_dev,1,<empty>,\,/github/workspace/logsheets/filtered/sediment_sampling.csv,XSDString,mandatory
missing value,sediment,sampling,samp_mat_process_dev,2,<empty>,\,/github/workspace/logsheets/filtered/sediment_sampling.csv,XSDString,mandatory
missing value,sediment,sampling,samp_mat_process_dev,3,<empty>,\,/github/workspace/logsheets/filtered/sediment_sampling.csv,XSDString,mandatory
missing value,sediment,sampling,samp_mat_process_dev,4,<empty>,\,/github/workspace/logsheets/filtered/sediment_sampling.csv,XSDString,mandatory
missing value,sediment,sampling,samp_mat_process_dev,5,<empty>,\,/github/workspace/logsheets/filtered/sediment_sampling.csv,XSDString,mandatory
missing value,sediment,sampling,samp_mat_process_dev,6,<empty>,\,/github/workspace/logsheets/filtered/sediment_sampling.csv,XSDString,mandatory
missing value,sediment,sampling,samp_mat_process_dev,7,<empty>,\,/github/workspace/logsheets/filtered/sediment_sampling.csv,XSDString,mandatory
missing value,sediment,sampling,samp_mat_process_dev,8,<empty>,\,/github/workspace/logsheets/filtered/sediment_sampling.csv,XSDString,mandatory
missing value,sediment,sampling,samp_mat_process_dev,9,<empty>,\,/github/workspace/logsheets/filtered/sediment_sampling.csv,XSDString,mandatory
missing value,sediment,sampling,samp_mat_process_dev,10,<empty>,\,/github/workspace/logsheets/filtered/sediment_sampling.csv,XSDString,mandatory
missing value,sediment,sampling,samp_mat_process_dev,15,<empty>,\,/github/workspace/logsheets/filtered/sediment_sampling.csv,XSDString,mandatory
missing value,sediment,sampling,samp_mat_process_dev,16,<empty>,\,/github/workspace/logsheets/filtered/sediment_sampling.csv,XSDString,mandatory
missing value,sediment,sampling,samp_mat_process_dev,17,<empty>,\,/github/workspace/logsheets/filtered/sediment_sampling.csv,XSDString,mandatory
missing value,sediment,sampling,samp_mat_process_dev,18,<empty>,\,/github/workspace/logsheets/filtered/sediment_sampling.csv,XSDString,mandatory
missing value,sediment,sampling,samp_mat_process_dev,19,<empty>,\,/github/workspace/logsheets/filtered/sediment_sampling.csv,XSDString,mandatory
missing value,sediment,sampling,samp_mat_process_dev,20,<empty>,\,/github/workspace/logsheets/filtered/sediment_sampling.csv,XSDString,mandatory
missing value,sediment,sampling,store_person,1,<empty>,\,/github/workspace/logsheets/filtered/sediment_sampling.csv,XSDString,mandatory
missing value,sediment,sampling,store_person,2,<empty>,\,/github/workspace/logsheets/filtered/sediment_sampling.csv,XSDString,mandatory
missing value,sediment,sampling,store_person,3,<empty>,\,/github/workspace/logsheets/filtered/sediment_sampling.csv,XSDString,mandatory
missing value,sediment,sampling,store_person,4,<empty>,\,/github/workspace/logsheets/filtered/sediment_sampling.csv,XSDString,mandatory
missing value,sediment,sampling,store_person,5,<empty>,\,/github/workspace/logsheets/filtered/sediment_sampling.csv,XSDString,mandatory
missing value,water,measured,sea_subsurf_salinity,1,<empty>,\,/github/workspace/logsheets/filtered/water_measured.csv,XSDFloat,mandatory
missing value,water,measured,sea_subsurf_salinity,2,<empty>,\,/github/workspace/logsheets/filtered/water_measured.csv,XSDFloat,mandatory
missing value,water,measured,sea_subsurf_salinity,3,<empty>,\,/github/workspace/logsheets/filtered/water_measured.csv,XSDFloat,mandatory
missing value,water,measured,sea_subsurf_salinity,4,<empty>,\,/github/workspace/logsheets/filtered/water_measured.csv,XSDFloat,mandatory
missing value,water,measured,sea_subsurf_salinity,5,<empty>,\,/github/workspace/logsheets/filtered/water_measured.csv,XSDFloat,mandatory
missing value,water,measured,sea_subsurf_salinity,6,<empty>,\,/github/workspace/logsheets/filtered/water_measured.csv,XSDFloat,mandatory
missing value,water,measured,sea_subsurf_salinity,7,<empty>,\,/github/workspace/logsheets/filtered/water_measured.csv,XSDFloat,mandatory
missing value,water,measured,sea_subsurf_salinity,8,<empty>,\,/github/workspace/logsheets/filtered/water_measured.csv,XSDFloat,mandatory
missing value,water,measured,sea_subsurf_salinity,9,<empty>,\,/github/workspace/logsheets/filtered/water_measured.csv,XSDFloat,mandatory
missing value,water,measured,sea_subsurf_salinity,10,<empty>,\,/github/workspace/logsheets/filtered/water_measured.csv,XSDFloat,mandatory
missing value,water,measured,sea_subsurf_salinity,11,<empty>,\,/github/workspace/logsheets/filtered/water_measured.csv,XSDFloat,mandatory
missing value,water,measured,sea_subsurf_salinity,12,<empty>,\,/github/workspace/logsheets/filtered/water_measured.csv,XSDFloat,mandatory
missing value,water,measured,sea_subsurf_salinity,13,<empty>,\,/github/workspace/logsheets/filtered/water_measured.csv,XSDFloat,mandatory
missing value,water,measured,sea_subsurf_salinity,14,<empty>,\,/github/workspace/logsheets/filtered/water_measured.csv,XSDFloat,mandatory
missing value,water,measured,sea_subsurf_salinity,15,<empty>,\,/github/workspace/logsheets/filtered/water_measured.csv,XSDFloat,mandatory
missing value,water,measured,sea_subsurf_salinity,16,<empty>,\,/github/workspace/logsheets/filtered/water_measured.csv,XSDFloat,mandatory
missing value,water,measured,sea_subsurf_salinity,17,<empty>,\,/github/workspace/logsheets/filtered/water_measured.csv,XSDFloat,mandatory
missing value,water,measured,sea_subsurf_salinity,18,<empty>,\,/github/workspace/logsheets/filtered/water_measured.csv,XSDFloat,mandatory
missing value,water,measured,sea_subsurf_salinity,19,<empty>,\,/github/workspace/logsheets/filtered/water_measured.csv,XSDFloat,mandatory
missing value,water,measured,sea_subsurf_salinity,20,<empty>,\,/github/workspace/logsheets/filtered/water_measured.csv,XSDFloat,mandatory
missing value,water,measured,sea_subsurf_salinity,21,<empty>,\,/github/workspace/logsheets/filtered/water_measured.csv,XSDFloat,mandatory
missing value,water,measured,sea_subsurf_salinity,22,<empty>,\,/github/workspace/logsheets/filtered/water_measured.csv,XSDFloat,mandatory
missing value,water,measured,sea_subsurf_salinity,23,<empty>,\,/github/workspace/logsheets/filtered/water_measured.csv,XSDFloat,mandatory
missing value,water,measured,sea_subsurf_salinity,24,<empty>,\,/github/workspace/logsheets/filtered/water_measured.csv,XSDFloat,mandatory
missing value,water,measured,sea_subsurf_salinity,25,<empty>,\,/github/workspace/logsheets/filtered/water_measured.csv,XSDFloat,mandatory
missing value,water,measured,sea_subsurf_salinity,26,<empty>,\,/github/workspace/logsheets/filtered/water_measured.csv,XSDFloat,mandatory
missing value,water,measured,sea_subsurf_salinity,27,<empty>,\,/github/workspace/logsheets/filtered/water_measured.csv,XSDFloat,mandatory
missing value,water,measured,sea_subsurf_salinity,28,<empty>,\,/github/workspace/logsheets/filtered/water_measured.csv,XSDFloat,mandatory
missing value,water,measured,sea_subsurf_salinity,29,<empty>,\,/github/workspace/logsheets/filtered/water_measured.csv,XSDFloat,mandatory
missing value,water,measured,sea_subsurf_salinity,30,<empty>,\,/github/workspace/logsheets/filtered/water_measured.csv,XSDFloat,mandatory
missing value,water,measured,sea_subsurf_salinity,31,<empty>,\,/github/workspace/logsheets/filtered/water_measured.csv,XSDFloat,mandatory
missing value,water,measured,sea_subsurf_salinity,32,<empty>,\,/github/workspace/logsheets/filtered/water_measured.csv,XSDFloat,mandatory
missing value,water,measured,sea_subsurf_salinity,33,<empty>,\,/github/workspace/logsheets/filtered/water_measured.csv,XSDFloat,mandatory
missing value,water,measured,sea_subsurf_salinity,34,<empty>,\,/github/workspace/logsheets/filtered/water_measured.csv,XSDFloat,mandatory
missing value,water,measured,sea_subsurf_salinity,35,<empty>,\,/github/workspace/logsheets/filtered/water_measured.csv,XSDFloat,mandatory
missing value,water,measured,sea_subsurf_salinity,36,<empty>,\,/github/workspace/logsheets/filtered/water_measured.csv,XSDFloat,mandatory
missing value,water,measured,sea_subsurf_salinity,37,<empty>,\,/github/workspace/logsheets/filtered/water_measured.csv,XSDFloat,mandatory
missing value,water,measured,sea_subsurf_salinity,38,<empty>,\,/github/workspace/logsheets/filtered/water_measured.csv,XSDFloat,mandatory
missing value,water,measured,sea_subsurf_salinity,39,<empty>,\,/github/workspace/logsheets/filtered/water_measured.csv,XSDFloat,mandatory
missing value,water,measured,sea_subsurf_salinity,40,<empty>,\,/github/workspace/logsheets/filtered/water_measured.csv,XSDFloat,mandatory
missing value,water,measured,sea_subsurf_salinity,41,<empty>,\,/github/workspace/logsheets/filtered/water_measured.csv,XSDFloat,mandatory
missing value,water,measured,sea_subsurf_salinity,42,<empty>,\,/github/workspace/logsheets/filtered/water_measured.csv,XSDFloat,mandatory
missing value,water,measured,sea_subsurf_salinity_method,1,<empty>,\,/github/workspace/logsheets/filtered/water_measured.csv,XSDString,mandatory
missing value,water,measured,sea_subsurf_salinity_method,2,<empty>,\,/github/workspace/logsheets/filtered/water_measured.csv,XSDString,mandatory
missing value,water,measured,sea_subsurf_salinity_method,3,<empty>,\,/github/workspace/logsheets/filtered/water_measured.csv,XSDString,mandatory
missing value,water,measured,sea_subsurf_salinity_method,4,<empty>,\,/github/workspace/logsheets/filtered/water_measured.csv,XSDString,mandatory
missing value,water,measured,sea_subsurf_salinity_method,5,<empty>,\,/github/workspace/logsheets/filtered/water_measured.csv,XSDString,mandatory
missing value,water,measured,sea_subsurf_salinity_method,6,<empty>,\,/github/workspace/logsheets/filtered/water_measured.csv,XSDString,mandatory
missing value,water,measured,sea_subsurf_salinity_method,7,<empty>,\,/github/workspace/logsheets/filtered/water_measured.csv,XSDString,mandatory
missing value,water,measured,sea_subsurf_salinity_method,8,<empty>,\,/github/workspace/logsheets/filtered/water_measured.csv,XSDString,mandatory
missing value,water,measured,sea_subsurf_salinity_method,9,<empty>,\,/github/workspace/logsheets/filtered/water_measured.csv,XSDString,mandatory
missing value,water,measured,sea_subsurf_salinity_method,10,<empty>,\,/github/workspace/logsheets/filtered/water_measured.csv,XSDString,mandatory
missing value,water,measured,sea_subsurf_salinity_method,11,<empty>,\,/github/workspace/logsheets/filtered/water_measured.csv,XSDString,mandatory
missing value,water,measured,sea_subsurf_salinity_method,12,<empty>,\,/github/workspace/logsheets/filtered/water_measured.csv,XSDString,mandatory
missing value,water,measured,sea_subsurf_salinity_method,13,<empty>,\,/github/workspace/logsheets/filtered/water_measured.csv,XSDString,mandatory
missing value,water,measured,sea_subsurf_salinity_method,14,<empty>,\,/github/workspace/logsheets/filtered/water_measured.csv,XSDString,mandatory
missing value,water,measured,sea_subsurf_salinity_method,15,<empty>,\,/github/workspace/logsheets/filtered/water_measured.csv,XSDString,mandatory
missing value,water,measured,sea_subsurf_salinity_method,16,<empty>,\,/github/workspace/logsheets/filtered/water_measured.csv,XSDString,mandatory
missing value,water,measured,sea_subsurf_salinity_method,17,<empty>,\,/github/workspace/logsheets/filtered/water_measured.csv,XSDString,mandatory
missing value,water,measured,sea_subsurf_salinity_method,18,<empty>,\,/github/workspace/logsheets/filtered/water_measured.csv,XSDString,mandatory
missing value,water,measured,sea_subsurf_salinity_method,19,<empty>,\,/github/workspace/logsheets/filtered/water_measured.csv,XSDString,mandatory
missing value,water,measured,sea_subsurf_salinity_method,20,<empty>,\,/github/workspace/logsheets/filtered/water_measured.csv,XSDString,mandatory
missing value,water,measured,sea_subsurf_salinity_method,21,<empty>,\,/github/workspace/logsheets/filtered/water_measured.csv,XSDString,mandatory
missing value,water,measured,sea_subsurf_salinity_method,22,<empty>,\,/github/workspace/logsheets/filtered/water_measured.csv,XSDString,mandatory
missing value,water,measured,sea_subsurf_salinity_method,23,<empty>,\,/github/workspace/logsheets/filtered/water_measured.csv,XSDString,mandatory
missing value,water,measured,sea_subsurf_salinity_method,24,<empty>,\,/github/workspace/logsheets/filtered/water_measured.csv,XSDString,mandatory
missing value,water,measured,sea_subsurf_salinity_method,25,<empty>,\,/github/workspace/logsheets/filtered/water_measured.csv,XSDString,mandatory
missing value,water,measured,sea_subsurf_salinity_method,26,<empty>,\,/github/workspace/logsheets/filtered/water_measured.csv,XSDString,mandatory
missing value,water,measured,sea_subsurf_salinity_method,27,<empty>,\,/github/workspace/logsheets/filtered/water_measured.csv,XSDString,mandatory
missing value,water,measured,sea_subsurf_salinity_method,28,<empty>,\,/github/workspace/logsheets/filtered/water_measured.csv,XSDString,mandatory
missing value,water,measured,sea_subsurf_salinity_method,29,<empty>,\,/github/workspace/logsheets/filtered/water_measured.csv,XSDString,mandatory
missing value,water,measured,sea_subsurf_salinity_method,30,<empty>,\,/github/workspace/logsheets/filtered/water_measured.csv,XSDString,mandatory
missing value,water,measured,sea_subsurf_salinity_method,31,<empty>,\,/github/workspace/logsheets/filtered/water_measured.csv,XSDString,mandatory
missing value,water,measured,sea_subsurf_salinity_method,32,<empty>,\,/github/workspace/logsheets/filtered/water_measured.csv,XSDString,mandatory
missing value,water,measured,sea_subsurf_salinity_method,33,<empty>,\,/github/workspace/logsheets/filtered/water_measured.csv,XSDString,mandatory
missing value,water,measured,sea_subsurf_salinity_method,34,<empty>,\,/github/workspace/logsheets/filtered/water_measured.csv,XSDString,mandatory
missing value,water,measured,sea_subsurf_salinity_method,35,<empty>,\,/github/workspace/logsheets/filtered/water_measured.csv,XSDString,mandatory
missing value,water,measured,sea_subsurf_salinity_method,36,<empty>,\,/github/workspace/logsheets/filtered/water_measured.csv,XSDString,mandatory
missing value,water,measured,sea_subsurf_salinity_method,37,<empty>,\,/github/workspace/logsheets/filtered/water_measured.csv,XSDString,mandatory
missing value,water,measured,sea_subsurf_salinity_method,38,<empty>,\,/github/workspace/logsheets/filtered/water_measured.csv,XSDString,mandatory
missing value,water,measured,sea_subsurf_salinity_method,39,<empty>,\,/github/workspace/logsheets/filtered/water_measured.csv,XSDString,mandatory
missing value,water,measured,sea_subsurf_salinity_method,40,<empty>,\,/github/workspace/logsheets/filtered/water_measured.csv,XSDString,mandatory
missing value,water,measured,sea_subsurf_salinity_method,41,<empty>,\,/github/workspace/logsheets/filtered/water_measured.csv,XSDString,mandatory
missing value,water,measured,sea_subsurf_salinity_method,42,<empty>,\,/github/workspace/logsheets/filtered/water_measured.csv,XSDString,mandatory
missing value,water,measured,sea_subsurf_temp,1,<empty>,\,/github/workspace/logsheets/filtered/water_measured.csv,XSDFloat,mandatory
missing value,water,measured,sea_subsurf_temp,2,<empty>,\,/github/workspace/logsheets/filtered/water_measured.csv,XSDFloat,mandatory
missing value,water,measured,sea_subsurf_temp,3,<empty>,\,/github/workspace/logsheets/filtered/water_measured.csv,XSDFloat,mandatory
missing value,water,measured,sea_subsurf_temp,4,<empty>,\,/github/workspace/logsheets/filtered/water_measured.csv,XSDFloat,mandatory
missing value,water,measured,sea_subsurf_temp,5,<empty>,\,/github/workspace/logsheets/filtered/water_measured.csv,XSDFloat,mandatory
missing value,water,measured,sea_subsurf_temp,6,<empty>,\,/github/workspace/logsheets/filtered/water_measured.csv,XSDFloat,mandatory
missing value,water,measured,sea_subsurf_temp,7,<empty>,\,/github/workspace/logsheets/filtered/water_measured.csv,XSDFloat,mandatory
missing value,water,measured,sea_subsurf_temp,8,<empty>,\,/github/workspace/logsheets/filtered/water_measured.csv,XSDFloat,mandatory
missing value,water,measured,sea_subsurf_temp,9,<empty>,\,/github/workspace/logsheets/filtered/water_measured.csv,XSDFloat,mandatory
missing value,water,measured,sea_subsurf_temp,10,<empty>,\,/github/workspace/logsheets/filtered/water_measured.csv,XSDFloat,mandatory
missing value,water,measured,sea_subsurf_temp,11,<empty>,\,/github/workspace/logsheets/filtered/water_measured.csv,XSDFloat,mandatory
missing value,water,measured,sea_subsurf_temp,12,<empty>,\,/github/workspace/logsheets/filtered/water_measured.csv,XSDFloat,mandatory
missing value,water,measured,sea_subsurf_temp,13,<empty>,\,/github/workspace/logsheets/filtered/water_measured.csv,XSDFloat,mandatory
missing value,water,measured,sea_subsurf_temp,14,<empty>,\,/github/workspace/logsheets/filtered/water_measured.csv,XSDFloat,mandatory
missing value,water,measured,sea_subsurf_temp,15,<empty>,\,/github/workspace/logsheets/filtered/water_measured.csv,XSDFloat,mandatory
missing value,water,measured,sea_subsurf_temp,16,<empty>,\,/github/workspace/logsheets/filtered/water_measured.csv,XSDFloat,mandatory
missing value,water,measured,sea_subsurf_temp,17,<empty>,\,/github/workspace/logsheets/filtered/water_measured.csv,XSDFloat,mandatory
missing value,water,measured,sea_subsurf_temp,18,<empty>,\,/github/workspace/logsheets/filtered/water_measured.csv,XSDFloat,mandatory
missing value,water,measured,sea_subsurf_temp,19,<empty>,\,/github/workspace/logsheets/filtered/water_measured.csv,XSDFloat,mandatory
missing value,water,measured,sea_subsurf_temp,20,<empty>,\,/github/workspace/logsheets/filtered/water_measured.csv,XSDFloat,mandatory
missing value,water,measured,sea_subsurf_temp,21,<empty>,\,/github/workspace/logsheets/filtered/water_measured.csv,XSDFloat,mandatory
missing value,water,measured,sea_subsurf_temp,22,<empty>,\,/github/workspace/logsheets/filtered/water_measured.csv,XSDFloat,mandatory
missing value,water,measured,sea_subsurf_temp,23,<empty>,\,/github/workspace/logsheets/filtered/water_measured.csv,XSDFloat,mandatory
missing value,water,measured,sea_subsurf_temp,24,<empty>,\,/github/workspace/logsheets/filtered/water_measured.csv,XSDFloat,mandatory
missing value,water,measured,sea_subsurf_temp,25,<empty>,\,/github/workspace/logsheets/filtered/water_measured.csv,XSDFloat,mandatory
missing value,water,measured,sea_subsurf_temp,26,<empty>,\,/github/workspace/logsheets/filtered/water_measured.csv,XSDFloat,mandatory
missing value,water,measured,sea_subsurf_temp,27,<empty>,\,/github/workspace/logsheets/filtered/water_measured.csv,XSDFloat,mandatory
missing value,water,measured,sea_subsurf_temp,28,<empty>,\,/github/workspace/logsheets/filtered/water_measured.csv,XSDFloat,mandatory
missing value,water,measured,sea_subsurf_temp,29,<empty>,\,/github/workspace/logsheets/filtered/water_measured.csv,XSDFloat,mandatory
missing value,water,measured,sea_subsurf_temp,30,<empty>,\,/github/workspace/logsheets/filtered/water_measured.csv,XSDFloat,mandatory
missing value,water,measured,sea_subsurf_temp,31,<empty>,\,/github/workspace/logsheets/filtered/water_measured.csv,XSDFloat,mandatory
missing value,water,measured,sea_subsurf_temp,32,<empty>,\,/github/workspace/logsheets/filtered/water_measured.csv,XSDFloat,mandatory
missing value,water,measured,sea_subsurf_temp,33,<empty>,\,/github/workspace/logsheets/filtered/water_measured.csv,XSDFloat,mandatory
missing value,water,measured,sea_subsurf_temp,34,<empty>,\,/github/workspace/logsheets/filtered/water_measured.csv,XSDFloat,mandatory
missing value,water,measured,sea_subsurf_temp,35,<empty>,\,/github/workspace/logsheets/filtered/water_measured.csv,XSDFloat,mandatory
missing value,water,measured,sea_subsurf_temp,36,<empty>,\,/github/workspace/logsheets/filtered/water_measured.csv,XSDFloat,mandatory
missing value,water,measured,sea_subsurf_temp,37,<empty>,\,/github/workspace/logsheets/filtered/water_measured.csv,XSDFloat,mandatory
missing value,water,measured,sea_subsurf_temp,38,<empty>,\,/github/workspace/logsheets/filtered/water_measured.csv,XSDFloat,mandatory
missing value,water,measured,sea_subsurf_temp,39,<empty>,\,/github/workspace/logsheets/filtered/water_measured.csv,XSDFloat,mandatory
missing value,water,measured,sea_subsurf_temp,40,<empty>,\,/github/workspace/logsheets/filtered/water_measured.csv,XSDFloat,mandatory
missing value,water,measured,sea_subsurf_temp,41,<empty>,\,/github/workspace/logsheets/filtered/water_measured.csv,XSDFloat,mandatory
missing value,water,measured,sea_subsurf_temp,42,<empty>,\,/github/workspace/logsheets/filtered/water_measured.csv,XSDFloat,mandatory
missing value,water,measured,sea_subsurf_temp_method,1,<empty>,\,/github/workspace/logsheets/filtered/water_measured.csv,XSDString,mandatory
missing value,water,measured,sea_subsurf_temp_method,2,<empty>,\,/github/workspace/logsheets/filtered/water_measured.csv,XSDString,mandatory
missing value,water,measured,sea_subsurf_temp_method,3,<empty>,\,/github/workspace/logsheets/filtered/water_measured.csv,XSDString,mandatory
missing value,water,measured,sea_subsurf_temp_method,4,<empty>,\,/github/workspace/logsheets/filtered/water_measured.csv,XSDString,mandatory
missing value,water,measured,sea_subsurf_temp_method,5,<empty>,\,/github/workspace/logsheets/filtered/water_measured.csv,XSDString,mandatory
missing value,water,measured,sea_subsurf_temp_method,6,<empty>,\,/github/workspace/logsheets/filtered/water_measured.csv,XSDString,mandatory
missing value,water,measured,sea_subsurf_temp_method,7,<empty>,\,/github/workspace/logsheets/filtered/water_measured.csv,XSDString,mandatory
missing value,water,measured,sea_subsurf_temp_method,8,<empty>,\,/github/workspace/logsheets/filtered/water_measured.csv,XSDString,mandatory
missing value,water,measured,sea_subsurf_temp_method,9,<empty>,\,/github/workspace/logsheets/filtered/water_measured.csv,XSDString,mandatory
missing value,water,measured,sea_subsurf_temp_method,10,<empty>,\,/github/workspace/logsheets/filtered/water_measured.csv,XSDString,mandatory
missing value,water,measured,sea_subsurf_temp_method,11,<empty>,\,/github/workspace/logsheets/filtered/water_measured.csv,XSDString,mandatory
missing value,water,measured,sea_subsurf_temp_method,12,<empty>,\,/github/workspace/logsheets/filtered/water_measured.csv,XSDString,mandatory
missing value,water,measured,sea_subsurf_temp_method,13,<empty>,\,/github/workspace/logsheets/filtered/water_measured.csv,XSDString,mandatory
missing value,water,measured,sea_subsurf_temp_method,14,<empty>,\,/github/workspace/logsheets/filtered/water_measured.csv,XSDString,mandatory
missing value,water,measured,sea_subsurf_temp_method,15,<empty>,\,/github/workspace/logsheets/filtered/water_measured.csv,XSDString,mandatory
missing value,water,measured,sea_subsurf_temp_method,16,<empty>,\,/github/workspace/logsheets/filtered/water_measured.csv,XSDString,mandatory
missing value,water,measured,sea_subsurf_temp_method,17,<empty>,\,/github/workspace/logsheets/filtered/water_measured.csv,XSDString,mandatory
missing value,water,measured,sea_subsurf_temp_method,18,<empty>,\,/github/workspace/logsheets/filtered/water_measured.csv,XSDString,mandatory
missing value,water,measured,sea_subsurf_temp_method,19,<empty>,\,/github/workspace/logsheets/filtered/water_measured.csv,XSDString,mandatory
missing value,water,measured,sea_subsurf_temp_method,20,<empty>,\,/github/workspace/logsheets/filtered/water_measured.csv,XSDString,mandatory
missing value,water,measured,sea_subsurf_temp_method,21,<empty>,\,/github/workspace/logsheets/filtered/water_measured.csv,XSDString,mandatory
missing value,water,measured,sea_subsurf_temp_method,22,<empty>,\,/github/workspace/logsheets/filtered/water_measured.csv,XSDString,mandatory
missing value,water,measured,sea_subsurf_temp_method,23,<empty>,\,/github/workspace/logsheets/filtered/water_measured.csv,XSDString,mandatory
missing value,water,measured,sea_subsurf_temp_method,24,<empty>,\,/github/workspace/logsheets/filtered/water_measured.csv,XSDString,mandatory
missing value,water,measured,sea_subsurf_temp_method,25,<empty>,\,/github/workspace/logsheets/filtered/water_measured.csv,XSDString,mandatory
missing value,water,measured,sea_subsurf_temp_method,26,<empty>,\,/github/workspace/logsheets/filtered/water_measured.csv,XSDString,mandatory
missing value,water,measured,sea_subsurf_temp_method,27,<empty>,\,/github/workspace/logsheets/filtered/water_measured.csv,XSDString,mandatory
missing value,water,measured,sea_subsurf_temp_method,28,<empty>,\,/github/workspace/logsheets/filtered/water_measured.csv,XSDString,mandatory
missing value,water,measured,sea_subsurf_temp_method,29,<empty>,\,/github/workspace/logsheets/filtered/water_measured.csv,XSDString,mandatory
missing value,water,measured,sea_subsurf_temp_method,30,<empty>,\,/github/workspace/logsheets/filtered/water_measured.csv,XSDString,mandatory
missing value,water,measured,sea_subsurf_temp_method,31,<empty>,\,/github/workspace/logsheets/filtered/water_measured.csv,XSDString,mandatory
missing value,water,measured,sea_subsurf_temp_method,32,<empty>,\,/github/workspace/logsheets/filtered/water_measured.csv,XSDString,mandatory
missing value,water,measured,sea_subsurf_temp_method,33,<empty>,\,/github/workspace/logsheets/filtered/water_measured.csv,XSDString,mandatory
missing value,water,measured,sea_subsurf_temp_method,34,<empty>,\,/github/workspace/logsheets/filtered/water_measured.csv,XSDString,mandatory
missing value,water,measured,sea_subsurf_temp_method,35,<empty>,\,/github/workspace/logsheets/filtered/water_measured.csv,XSDString,mandatory
missing value,water,measured,sea_subsurf_temp_method,36,<empty>,\,/github/workspace/logsheets/filtered/water_measured.csv,XSDString,mandatory
missing value,water,measured,sea_subsurf_temp_method,37,<empty>,\,/github/workspace/logsheets/filtered/water_measured.csv,XSDString,mandatory
missing value,water,measured,sea_subsurf_temp_method,38,<empty>,\,/github/workspace/logsheets/filtered/water_measured.csv,XSDString,mandatory
missing value,water,measured,sea_subsurf_temp_method,39,<empty>,\,/github/workspace/logsheets/filtered/water_measured.csv,XSDString,mandatory
missing value,water,measured,sea_subsurf_temp_method,40,<empty>,\,/github/workspace/logsheets/filtered/water_measured.csv,XSDString,mandatory
missing value,water,measured,sea_subsurf_temp_method,41,<empty>,\,/github/workspace/logsheets/filtered/water_measured.csv,XSDString,mandatory
missing value,water,measured,sea_subsurf_temp_method,42,<empty>,\,/github/workspace/logsheets/filtered/water_measured.csv,XSDString,mandatory
missing value,water,measured,sea_surf_temp,1,<empty>,\,/github/workspace/logsheets/filtered/water_measured.csv,XSDFloat,mandatory
missing value,water,measured,sea_surf_temp,2,<empty>,\,/github/workspace/logsheets/filtered/water_measured.csv,XSDFloat,mandatory
missing value,water,measured,sea_surf_temp,3,<empty>,\,/github/workspace/logsheets/filtered/water_measured.csv,XSDFloat,mandatory
missing value,water,measured,sea_surf_temp,4,<empty>,\,/github/workspace/logsheets/filtered/water_measured.csv,XSDFloat,mandatory
missing value,water,measured,sea_surf_temp,5,<empty>,\,/github/workspace/logsheets/filtered/water_measured.csv,XSDFloat,mandatory
missing value,water,measured,sea_surf_temp,6,<empty>,\,/github/workspace/logsheets/filtered/water_measured.csv,XSDFloat,mandatory
missing value,water,measured,sea_surf_temp,7,<empty>,\,/github/workspace/logsheets/filtered/water_measured.csv,XSDFloat,mandatory
missing value,water,measured,sea_surf_temp,8,<empty>,\,/github/workspace/logsheets/filtered/water_measured.csv,XSDFloat,mandatory
missing value,water,measured,sea_surf_temp,9,<empty>,\,/github/workspace/logsheets/filtered/water_measured.csv,XSDFloat,mandatory
missing value,water,measured,sea_surf_temp,10,<empty>,\,/github/workspace/logsheets/filtered/water_measured.csv,XSDFloat,mandatory
missing value,water,measured,sea_surf_temp,11,<empty>,\,/github/workspace/logsheets/filtered/water_measured.csv,XSDFloat,mandatory
missing value,water,measured,sea_surf_temp,12,<empty>,\,/github/workspace/logsheets/filtered/water_measured.csv,XSDFloat,mandatory
missing value,water,measured,sea_surf_temp,13,<empty>,\,/github/workspace/logsheets/filtered/water_measured.csv,XSDFloat,mandatory
missing value,water,measured,sea_surf_temp,14,<empty>,\,/github/workspace/logsheets/filtered/water_measured.csv,XSDFloat,mandatory
missing value,water,measured,sea_surf_temp,15,<empty>,\,/github/workspace/logsheets/filtered/water_measured.csv,XSDFloat,mandatory
missing value,water,measured,sea_surf_temp,16,<empty>,\,/github/workspace/logsheets/filtered/water_measured.csv,XSDFloat,mandatory
missing value,water,measured,sea_surf_temp,17,<empty>,\,/github/workspace/logsheets/filtered/water_measured.csv,XSDFloat,mandatory
missing value,water,measured,sea_surf_temp,18,<empty>,\,/github/workspace/logsheets/filtered/water_measured.csv,XSDFloat,mandatory
missing value,water,measured,sea_surf_temp,19,<empty>,\,/github/workspace/logsheets/filtered/water_measured.csv,XSDFloat,mandatory
missing value,water,measured,sea_surf_temp,20,<empty>,\,/github/workspace/logsheets/filtered/water_measured.csv,XSDFloat,mandatory
missing value,water,measured,sea_surf_temp,21,<empty>,\,/github/workspace/logsheets/filtered/water_measured.csv,XSDFloat,mandatory
missing value,water,measured,sea_surf_temp,22,<empty>,\,/github/workspace/logsheets/filtered/water_measured.csv,XSDFloat,mandatory
missing value,water,measured,sea_surf_temp,23,<empty>,\,/github/workspace/logsheets/filtered/water_measured.csv,XSDFloat,mandatory
missing value,water,measured,sea_surf_temp,24,<empty>,\,/github/workspace/logsheets/filtered/water_measured.csv,XSDFloat,mandatory
missing value,water,measured,sea_surf_temp,25,<empty>,\,/github/workspace/logsheets/filtered/water_measured.csv,XSDFloat,mandatory
missing value,water,measured,sea_surf_temp,26,<empty>,\,/github/workspace/logsheets/filtered/water_measured.csv,XSDFloat,mandatory
missing value,water,measured,sea_surf_temp,27,<empty>,\,/github/workspace/logsheets/filtered/water_measured.csv,XSDFloat,mandatory
missing value,water,measured,sea_surf_temp,28,<empty>,\,/github/workspace/logsheets/filtered/water_measured.csv,XSDFloat,mandatory
missing value,water,measured,sea_surf_temp,29,<empty>,\,/github/workspace/logsheets/filtered/water_measured.csv,XSDFloat,mandatory
missing value,water,measured,sea_surf_temp,30,<empty>,\,/github/workspace/logsheets/filtered/water_measured.csv,XSDFloat,mandatory
missing value,water,measured,sea_surf_temp,31,<empty>,\,/github/workspace/logsheets/filtered/water_measured.csv,XSDFloat,mandatory
missing value,water,measured,sea_surf_temp,32,<empty>,\,/github/workspace/logsheets/filtered/water_measured.csv,XSDFloat,mandatory
missing value,water,measured,sea_surf_temp,33,<empty>,\,/github/workspace/logsheets/filtered/water_measured.csv,XSDFloat,mandatory
missing value,water,measured,sea_surf_temp,34,<empty>,\,/github/workspace/logsheets/filtered/water_measured.csv,XSDFloat,mandatory
missing value,water,measured,sea_surf_temp,35,<empty>,\,/github/workspace/logsheets/filtered/water_measured.csv,XSDFloat,mandatory
missing value,water,measured,sea_surf_temp,36,<empty>,\,/github/workspace/logsheets/filtered/water_measured.csv,XSDFloat,mandatory
missing value,water,measured,sea_surf_temp,37,<empty>,\,/github/workspace/logsheets/filtered/water_measured.csv,XSDFloat,mandatory
missing value,water,measured,sea_surf_temp,38,<empty>,\,/github/workspace/logsheets/filtered/water_measured.csv,XSDFloat,mandatory
missing value,water,measured,sea_surf_temp,39,<empty>,\,/github/workspace/logsheets/filtered/water_measured.csv,XSDFloat,mandatory
missing value,water,measured,sea_surf_temp,40,<empty>,\,/github/workspace/logsheets/filtered/water_measured.csv,XSDFloat,mandatory
missing value,water,measured,sea_surf_temp,41,<empty>,\,/github/workspace/logsheets/filtered/water_measured.csv,XSDFloat,mandatory
missing value,water,measured,sea_surf_temp,42,<empty>,\,/github/workspace/logsheets/filtered/water_measured.csv,XSDFloat,mandatory
missing value,water,measured,sea_surf_temp_method,1,<empty>,\,/github/workspace/logsheets/filtered/water_measured.csv,XSDString,mandatory
missing value,water,measured,sea_surf_temp_method,2,<empty>,\,/github/workspace/logsheets/filtered/water_measured.csv,XSDString,mandatory
missing value,water,measured,sea_surf_temp_method,3,<empty>,\,/github/workspace/logsheets/filtered/water_measured.csv,XSDString,mandatory
missing value,water,measured,sea_surf_temp_method,4,<empty>,\,/github/workspace/logsheets/filtered/water_measured.csv,XSDString,mandatory
missing value,water,measured,sea_surf_temp_method,5,<empty>,\,/github/workspace/logsheets/filtered/water_measured.csv,XSDString,mandatory
missing value,water,measured,sea_surf_temp_method,6,<empty>,\,/github/workspace/logsheets/filtered/water_measured.csv,XSDString,mandatory
missing value,water,measured,sea_surf_temp_method,7,<empty>,\,/github/workspace/logsheets/filtered/water_measured.csv,XSDString,mandatory
missing value,water,measured,sea_surf_temp_method,8,<empty>,\,/github/workspace/logsheets/filtered/water_measured.csv,XSDString,mandatory
missing value,water,measured,sea_surf_temp_method,9,<empty>,\,/github/workspace/logsheets/filtered/water_measured.csv,XSDString,mandatory
missing value,water,measured,sea_surf_temp_method,10,<empty>,\,/github/workspace/logsheets/filtered/water_measured.csv,XSDString,mandatory
missing value,water,measured,sea_surf_temp_method,11,<empty>,\,/github/workspace/logsheets/filtered/water_measured.csv,XSDString,mandatory
missing value,water,measured,sea_surf_temp_method,12,<empty>,\,/github/workspace/logsheets/filtered/water_measured.csv,XSDString,mandatory
missing value,water,measured,sea_surf_temp_method,13,<empty>,\,/github/workspace/logsheets/filtered/water_measured.csv,XSDString,mandatory
missing value,water,measured,sea_surf_temp_method,14,<empty>,\,/github/workspace/logsheets/filtered/water_measured.csv,XSDString,mandatory
missing value,water,measured,sea_surf_temp_method,15,<empty>,\,/github/workspace/logsheets/filtered/water_measured.csv,XSDString,mandatory
missing value,water,measured,sea_surf_temp_method,16,<empty>,\,/github/workspace/logsheets/filtered/water_measured.csv,XSDString,mandatory
missing value,water,measured,sea_surf_temp_method,17,<empty>,\,/github/workspace/logsheets/filtered/water_measured.csv,XSDString,mandatory
missing value,water,measured,sea_surf_temp_method,18,<empty>,\,/github/workspace/logsheets/filtered/water_measured.csv,XSDString,mandatory
missing value,water,measured,sea_surf_temp_method,19,<empty>,\,/github/workspace/logsheets/filtered/water_measured.csv,XSDString,mandatory
missing value,water,measured,sea_surf_temp_method,20,<empty>,\,/github/workspace/logsheets/filtered/water_measured.csv,XSDString,mandatory
missing value,water,measured,sea_surf_temp_method,21,<empty>,\,/github/workspace/logsheets/filtered/water_measured.csv,XSDString,mandatory
missing value,water,measured,sea_surf_temp_method,22,<empty>,\,/github/workspace/logsheets/filtered/water_measured.csv,XSDString,mandatory
missing value,water,measured,sea_surf_temp_method,23,<empty>,\,/github/workspace/logsheets/filtered/water_measured.csv,XSDString,mandatory
missing value,water,measured,sea_surf_temp_method,24,<empty>,\,/github/workspace/logsheets/filtered/water_measured.csv,XSDString,mandatory
missing value,water,measured,sea_surf_temp_method,25,<empty>,\,/github/workspace/logsheets/filtered/water_measured.csv,XSDString,mandatory
missing value,water,measured,sea_surf_temp_method,26,<empty>,\,/github/workspace/logsheets/filtered/water_measured.csv,XSDString,mandatory
missing value,water,measured,sea_surf_temp_method,27,<empty>,\,/github/workspace/logsheets/filtered/water_measured.csv,XSDString,mandatory
missing value,water,measured,sea_surf_temp_method,28,<empty>,\,/github/workspace/logsheets/filtered/water_measured.csv,XSDString,mandatory
missing value,water,measured,sea_surf_temp_method,29,<empty>,\,/github/workspace/logsheets/filtered/water_measured.csv,XSDString,mandatory
missing value,water,measured,sea_surf_temp_method,30,<empty>,\,/github/workspace/logsheets/filtered/water_measured.csv,XSDString,mandatory
missing value,water,measured,sea_surf_temp_method,31,<empty>,\,/github/workspace/logsheets/filtered/water_measured.csv,XSDString,mandatory
missing value,water,measured,sea_surf_temp_method,32,<empty>,\,/github/workspace/logsheets/filtered/water_measured.csv,XSDString,mandatory
missing value,water,measured,sea_surf_temp_method,33,<empty>,\,/github/workspace/logsheets/filtered/water_measured.csv,XSDString,mandatory
missing value,water,measured,sea_surf_temp_method,34,<empty>,\,/github/workspace/logsheets/filtered/water_measured.csv,XSDString,mandatory
missing value,water,measured,sea_surf_temp_method,35,<empty>,\,/github/workspace/logsheets/filtered/water_measured.csv,XSDString,mandatory
missing value,water,measured,sea_surf_temp_method,36,<empty>,\,/github/workspace/logsheets/filtered/water_measured.csv,XSDString,mandatory
missing value,water,measured,sea_surf_temp_method,37,<empty>,\,/github/workspace/logsheets/filtered/water_measured.csv,XSDString,mandatory
missing value,water,measured,sea_surf_temp_method,38,<empty>,\,/github/workspace/logsheets/filtered/water_measured.csv,XSDString,mandatory
missing value,water,measured,sea_surf_temp_method,39,<empty>,\,/github/workspace/logsheets/filtered/water_measured.csv,XSDString,mandatory
missing value,water,measured,sea_surf_temp_method,40,<empty>,\,/github/workspace/logsheets/filtered/water_measured.csv,XSDString,mandatory
missing value,water,measured,sea_surf_temp_method,41,<empty>,\,/github/workspace/logsheets/filtered/water_measured.csv,XSDString,mandatory
missing value,water,measured,sea_surf_temp_method,42,<empty>,\,/github/workspace/logsheets/filtered/water_measured.csv,XSDString,mandatory
missing value,water,sampling,samp_store_loc,1,<empty>,\,/github/workspace/logsheets/filtered/water_sampling.csv,XSDString,mandatory
missing value,water,sampling,samp_store_loc,2,<empty>,\,/github/workspace/logsheets/filtered/water_sampling.csv,XSDString,mandatory
missing value,water,sampling,samp_store_loc,3,<empty>,\,/github/workspace/logsheets/filtered/water_sampling.csv,XSDString,mandatory
missing value,water,sampling,samp_store_loc,4,<empty>,\,/github/workspace/logsheets/filtered/water_sampling.csv,XSDString,mandatory
missing value,water,sampling,samp_store_loc,5,<empty>,\,/github/workspace/logsheets/filtered/water_sampling.csv,XSDString,mandatory
missing value,water,sampling,samp_store_loc,6,<empty>,\,/github/workspace/logsheets/filtered/water_sampling.csv,XSDString,mandatory
missing value,water,sampling,samp_store_loc,7,<empty>,\,/github/workspace/logsheets/filtered/water_sampling.csv,XSDString,mandatory
missing value,water,sampling,samp_store_loc,8,<empty>,\,/github/workspace/logsheets/filtered/water_sampling.csv,XSDString,mandatory
missing value,water,sampling,samp_store_loc,9,<empty>,\,/github/workspace/logsheets/filtered/water_sampling.csv,XSDString,mandatory
missing value,water,sampling,samp_store_loc,10,<empty>,\,/github/workspace/logsheets/filtered/water_sampling.csv,XSDString,mandatory
missing value,water,sampling,samp_store_loc,11,<empty>,\,/github/workspace/logsheets/filtered/water_sampling.csv,XSDString,mandatory
missing value,water,sampling,samp_store_loc,12,<empty>,\,/github/workspace/logsheets/filtered/water_sampling.csv,XSDString,mandatory
missing value,water,sampling,samp_store_loc,13,<empty>,\,/github/workspace/logsheets/filtered/water_sampling.csv,XSDString,mandatory
missing value,water,sampling,samp_store_loc,14,<empty>,\,/github/workspace/logsheets/filtered/water_sampling.csv,XSDString,mandatory
missing value,water,sampling,samp_store_loc,15,<empty>,\,/github/workspace/logsheets/filtered/water_sampling.csv,XSDString,mandatory
missing value,water,sampling,samp_store_loc,16,<empty>,\,/github/workspace/logsheets/filtered/water_sampling.csv,XSDString,mandatory
missing value,water,sampling,samp_store_loc,17,<empty>,\,/github/workspace/logsheets/filtered/water_sampling.csv,XSDString,mandatory
missing value,water,sampling,samp_store_loc,18,<empty>,\,/github/workspace/logsheets/filtered/water_sampling.csv,XSDString,mandatory
missing value,water,sampling,samp_store_loc,19,<empty>,\,/github/workspace/logsheets/filtered/water_sampling.csv,XSDString,mandatory
missing value,water,sampling,samp_store_loc,20,<empty>,\,/github/workspace/logsheets/filtered/water_sampling.csv,XSDString,mandatory
missing value,water,sampling,samp_store_loc,21,<empty>,\,/github/workspace/logsheets/filtered/water_sampling.csv,XSDString,mandatory
missing value,water,sampling,samp_store_loc,22,<empty>,\,/github/workspace/logsheets/filtered/water_sampling.csv,XSDString,mandatory
missing value,water,sampling,samp_store_loc,23,<empty>,\,/github/workspace/logsheets/filtered/water_sampling.csv,XSDString,mandatory
missing value,water,sampling,samp_store_loc,24,<empty>,\,/github/workspace/logsheets/filtered/water_sampling.csv,XSDString,mandatory
missing value,water,sampling,samp_store_loc,25,<empty>,\,/github/workspace/logsheets/filtered/water_sampling.csv,XSDString,mandatory
missing value,water,sampling,samp_store_loc,26,<empty>,\,/github/workspace/logsheets/filtered/water_sampling.csv,XSDString,mandatory
missing value,water,sampling,samp_store_loc,27,<empty>,\,/github/workspace/logsheets/filtered/water_sampling.csv,XSDString,mandatory
missing value,water,sampling,samp_store_loc,28,<empty>,\,/github/workspace/logsheets/filtered/water_sampling.csv,XSDString,mandatory
missing value,water,sampling,samp_store_loc,29,<empty>,\,/github/workspace/logsheets/filtered/water_sampling.csv,XSDString,mandatory
missing value,water,sampling,samp_store_loc,30,<empty>,\,/github/workspace/logsheets/filtered/water_sampling.csv,XSDString,mandatory
missing value,water,sampling,samp_store_loc,31,<empty>,\,/github/workspace/logsheets/filtered/water_sampling.csv,XSDString,mandatory
missing value,water,sampling,samp_store_loc,32,<empty>,\,/github/workspace/logsheets/filtered/water_sampling.csv,XSDString,mandatory
missing value,water,sampling,samp_store_loc,33,<empty>,\,/github/workspace/logsheets/filtered/water_sampling.csv,XSDString,mandatory
missing value,water,sampling,samp_store_loc,34,<empty>,\,/github/workspace/logsheets/filtered/water_sampling.csv,XSDString,mandatory
missing value,water,sampling,samp_store_loc,35,<empty>,\,/github/workspace/logsheets/filtered/water_sampling.csv,XSDString,mandatory
missing value,water,sampling,samp_store_loc,36,<empty>,\,/github/workspace/logsheets/filtered/water_sampling.csv,XSDString,mandatory
missing value,water,sampling,samp_store_loc,37,<empty>,\,/github/workspace/logsheets/filtered/water_sampling.csv,XSDString,mandatory
missing value,water,sampling,samp_store_loc,38,<empty>,\,/github/workspace/logsheets/filtered/water_sampling.csv,XSDString,mandatory
missing value,water,sampling,samp_store_loc,39,<empty>,\,/github/workspace/logsheets/filtered/water_sampling.csv,XSDString,mandatory
missing value,water,sampling,samp_store_loc,40,<empty>,\,/github/workspace/logsheets/filtered/water_sampling.csv,XSDString,mandatory
missing value,water,sampling,samp_store_loc,41,<empty>,\,/github/workspace/logsheets/filtered/water_sampling.csv,XSDString,mandatory
missing value,water,sampling,samp_store_loc,42,<empty>,\,/github/workspace/logsheets/filtered/water_sampling.csv,XSDString,mandatory
missing value,water,sampling,samp_store_temp,33,<empty>,\,/github/workspace/logsheets/filtered/water_sampling.csv,XSDString,mandatory
missing value,water,sampling,samp_store_temp,34,<empty>,\,/github/workspace/logsheets/filtered/water_sampling.csv,XSDString,mandatory
missing value,water,sampling,samp_store_temp,35,<empty>,\,/github/workspace/logsheets/filtered/water_sampling.csv,XSDString,mandatory
missing value,water,sampling,samp_store_temp,36,<empty>,\,/github/workspace/logsheets/filtered/water_sampling.csv,XSDString,mandatory
missing value,water,sampling,samp_store_temp,37,<empty>,\,/github/workspace/logsheets/filtered/water_sampling.csv,XSDString,mandatory
missing value,water,sampling,samp_store_temp,38,<empty>,\,/github/workspace/logsheets/filtered/water_sampling.csv,XSDString,mandatory
missing value,water,sampling,samp_store_temp,39,<empty>,\,/github/workspace/logsheets/filtered/water_sampling.csv,XSDString,mandatory
missing value,water,sampling,samp_store_temp,40,<empty>,\,/github/workspace/logsheets/filtered/water_sampling.csv,XSDString,mandatory
missing value,water,sampling,samp_store_temp,41,<empty>,\,/github/workspace/logsheets/filtered/water_sampling.csv,XSDString,mandatory
missing value,water,sampling,samp_store_temp,42,<empty>,\,/github/workspace/logsheets/filtered/water_sampling.csv,XSDString,mandatory
missing value,water,sampling,size_frac_up,9,<empty>,\,/github/workspace/logsheets/filtered/water_sampling.csv,XSDFloat,mandatory
missing value,water,sampling,size_frac_up,10,<empty>,\,/github/workspace/logsheets/filtered/water_sampling.csv,XSDFloat,mandatory
missing value,water,sampling,size_frac_up,21,<empty>,\,/github/workspace/logsheets/filtered/water_sampling.csv,XSDFloat,mandatory
missing value,water,sampling,size_frac_up,31,<empty>,\,/github/workspace/logsheets/filtered/water_sampling.csv,XSDFloat,mandatory
missing value,water,sampling,size_frac_up,41,<empty>,\,/github/workspace/logsheets/filtered/water_sampling.csv,XSDFloat,mandatory
missing value,water,sampling,store_person,33,<empty>,\,/github/workspace/logsheets/filtered/water_sampling.csv,XSDString,mandatory
missing value,water,sampling,store_person,34,<empty>,\,/github/workspace/logsheets/filtered/water_sampling.csv,XSDString,mandatory
missing value,water,sampling,store_person,35,<empty>,\,/github/workspace/logsheets/filtered/water_sampling.csv,XSDString,mandatory
missing value,water,sampling,store_person,36,<empty>,\,/github/workspace/logsheets/filtered/water_sampling.csv,XSDString,mandatory
missing value,water,sampling,store_person,37,<empty>,\,/github/workspace/logsheets/filtered/water_sampling.csv,XSDString,mandatory
missing value,water,sampling,store_person,38,<empty>,\,/github/workspace/logsheets/filtered/water_sampling.csv,XSDString,mandatory
missing value,water,sampling,store_person,39,<empty>,\,/github/workspace/logsheets/filtered/water_sampling.csv,XSDString,mandatory
missing value,water,sampling,store_person,40,<empty>,\,/github/workspace/logsheets/filtered/water_sampling.csv,XSDString,mandatory
missing value,water,sampling,store_person,41,<empty>,\,/github/workspace/logsheets/filtered/water_sampling.csv,XSDString,mandatory
missing value,water,sampling,store_person,42,<empty>,\,/github/workspace/logsheets/filtered/water_sampling.csv,XSDString,mandatory
datatype mismatch,water,sampling,failure,31,Τ,\,/github/workspace/logsheets/filtered/water_sampling.csv,XSDBoolean,mandatory
datatype mismatch,water,sampling,failure,32,Τ,\,/github/workspace/logsheets/filtered/water_sampling.csv,XSDBoolean,mandatory
