source_mat_id_orig,samp_description,tax_id,scientific_name,investigation_type,env_material,collection_date,sampling_event,sampl_person,sampl_person_orcid,tidal_stage,noteworthy_env_cond,depth,replicate,samp_size_vol,time_fi,size_frac,size_frac_low,size_frac_up,membr_cut,samp_collect_device,samp_mat_process,samp_mat_process_dev,samp_store_date,samp_store_loc,samp_store_temp,store_person,store_person_orcid,other_person,other_person_orcid,long_store,ship_date,arr_date_hq,store_temp_hq,ship_date_seq,arr_date_seq,seq_batch,failure,failure_comment,ENA_accession_number_sample,source_mat_id
EMO BON ROSKOGO Wa 210618 3µm_1,EMOBON metagenome water sample from station ROSKOGO collected on 2021-06-18 size fraction 3-200um,1874687,marine plankton metagenome,metagenome,seawater [ENVO:00002149]; coastal sea water [ENVO:00002150]; surface water [ENVO:00002042],2021-06-18 00:00:00,ROSKOGO_Wa_210618,Christian Jeanthon; Laurence Garczarek,0000-0002-7339-574X; 0000-0002-8191-8395,flood_tide,,2,1,7.5,12,3-200,3,200,Y,Hand pump,WaSOP 1,na,2021-06-18 00:00:00,Roscoff Observatory - 80 °C,-80,Christian Jeanthon,0000-0002-7339-574X,,,N,2021-10-19 00:00:00,2021-10-22 00:00:00,-70,2021-11-24 00:00:00,2021-11-24 00:00:00,,F,NA,NA,EMOBON_ROSKOGO_Wa_1
EMO BON ROSKOGO Wa 210618 3µm_2,EMOBON metagenome water sample from station ROSKOGO collected on 2021-06-18 size fraction 3-200um,1874687,marine plankton metagenome,metagenome,seawater [ENVO:00002149]; coastal sea water [ENVO:00002150]; surface water [ENVO:00002042],2021-06-18 00:00:00,ROSKOGO_Wa_210618,Christian Jeanthon; Laurence Garczarek,0000-0002-7339-574X; 0000-0002-8191-8395,flood_tide,,2,2,7.5,12,3-200,3,200,Y,Hand pump,WaSOP 1,na,2021-06-18 00:00:00,Roscoff Observatory - 80 °C,-80,Christian Jeanthon,0000-0002-7339-574X,,,N,2021-10-19 00:00:00,2021-10-22 00:00:00,-70,2021-11-24 00:00:00,2021-11-24 00:00:00,,F,NA,NA,EMOBON_ROSKOGO_Wa_2
EMO BON ROSKOGO Wa 210618 3µm_3,EMOBON metagenome water sample from station ROSKOGO collected on 2021-06-18 size fraction 3-200um,1874687,marine plankton metagenome,metagenome,seawater [ENVO:00002149]; coastal sea water [ENVO:00002150]; surface water [ENVO:00002042],2021-06-18 00:00:00,ROSKOGO_Wa_210618,Christian Jeanthon; Laurence Garczarek,0000-0002-7339-574X; 0000-0002-8191-8395,flood_tide,,2,3,7.5,12.5,3-200,3,200,Y,Hand pump,WaSOP 1,na,2021-06-18 00:00:00,Roscoff Observatory - 80 °C,-80,Christian Jeanthon,0000-0002-7339-574X,,,Y,NA,NA,NA,NA,NA,,NA,NA,NA,EMOBON_ROSKOGO_Wa_3
EMO BON ROSKOGO Wa 210618 3µm_4,EMOBON metagenome water sample from station ROSKOGO collected on 2021-06-18 size fraction 3-200um,1874687,marine plankton metagenome,metagenome,seawater [ENVO:00002149]; coastal sea water [ENVO:00002150]; surface water [ENVO:00002042],2021-06-18 00:00:00,ROSKOGO_Wa_210618,Christian Jeanthon; Laurence Garczarek,0000-0002-7339-574X; 0000-0002-8191-8395,flood_tide,,2,4,7.5,12.5,3-200,3,200,Y,Hand pump,WaSOP 1,na,2021-06-18 00:00:00,Roscoff Observatory - 80 °C,-80,Christian Jeanthon,0000-0002-7339-574X,,,Y,NA,NA,NA,NA,NA,,NA,NA,NA,EMOBON_ROSKOGO_Wa_4
EMO BON ROSKOGO Wa 210618 0.22µm_1,EMOBON metagenome water sample from station ROSKOGO collected on 2021-06-18 size fraction 0.2-3um,1874687,marine plankton metagenome,metagenome,seawater [ENVO:00002149]; coastal sea water [ENVO:00002150]; surface water [ENVO:00002042],2021-06-18 00:00:00,ROSKOGO_Wa_210618,Christian Jeanthon; Laurence Garczarek,0000-0002-7339-574X; 0000-0002-8191-8395,flood_tide,,2,1,7.5,12,0.2-3,0.2,3,Y,Hand pump,WaSOP 1,na,2021-06-18 00:00:00,Roscoff Observatory - 80 °C,-80,Christian Jeanthon,0000-0002-7339-574X,,,N,2021-10-19 00:00:00,2021-10-22 00:00:00,-70,2021-11-24 00:00:00,2021-11-24 00:00:00,,T,non-quantifiable DNA after extraction,NA,EMOBON_ROSKOGO_Wa_5
EMO BON ROSKOGO Wa 210618 0.22µm_2,EMOBON metagenome water sample from station ROSKOGO collected on 2021-06-18 size fraction 0.2-3um,1874687,marine plankton metagenome,metagenome,seawater [ENVO:00002149]; coastal sea water [ENVO:00002150]; surface water [ENVO:00002042],2021-06-18 00:00:00,ROSKOGO_Wa_210618,Christian Jeanthon; Laurence Garczarek,0000-0002-7339-574X; 0000-0002-8191-8395,flood_tide,,2,2,7.5,12,0.2-3,0.2,3,Y,Hand pump,WaSOP 1,na,2021-06-18 00:00:00,Roscoff Observatory - 80 °C,-80,Christian Jeanthon,0000-0002-7339-574X,,,N,2021-10-19 00:00:00,2021-10-22 00:00:00,-70,2021-11-24 00:00:00,2021-11-24 00:00:00,,T,low yields; seq library prep failed,NA,EMOBON_ROSKOGO_Wa_6
EMO BON ROSKOGO Wa 210618 0.22µm_3,EMOBON metagenome water sample from station ROSKOGO collected on 2021-06-18 size fraction 0.2-3um,1874687,marine plankton metagenome,metagenome,seawater [ENVO:00002149]; coastal sea water [ENVO:00002150]; surface water [ENVO:00002042],2021-06-18 00:00:00,ROSKOGO_Wa_210618,Christian Jeanthon; Laurence Garczarek,0000-0002-7339-574X; 0000-0002-8191-8395,flood_tide,,2,3,7.5,12.5,0.2-3,0.2,3,Y,Hand pump,WaSOP 1,na,2021-06-18 00:00:00,Roscoff Observatory - 80 °C,-80,Christian Jeanthon,0000-0002-7339-574X,,,Y,NA,NA,NA,NA,NA,,NA,NA,NA,EMOBON_ROSKOGO_Wa_7
EMO BON ROSKOGO Wa 210618 0.22µm_4,EMOBON metagenome water sample from station ROSKOGO collected on 2021-06-18 size fraction 0.2-3um,1874687,marine plankton metagenome,metagenome,seawater [ENVO:00002149]; coastal sea water [ENVO:00002150]; surface water [ENVO:00002042],2021-06-18 00:00:00,ROSKOGO_Wa_210618,Christian Jeanthon; Laurence Garczarek,0000-0002-7339-574X; 0000-0002-8191-8395,flood_tide,,2,4,7.5,12.5,0.2-3,0.2,3,Y,Hand pump,WaSOP 1,na,2021-06-18 00:00:00,Roscoff Observatory - 80 °C,-80,Christian Jeanthon,0000-0002-7339-574X,,,Y,NA,NA,NA,NA,NA,,NA,NA,NA,EMOBON_ROSKOGO_Wa_8
EMO BON ROSKOGO Wa 210618 3µm_Blank,EMOBON metagenome water sample from station ROSKOGO collected on 2021-06-18 size fraction 3-200um,256318,metagenome,metagenome,seawater [ENVO:00002149]; coastal sea water [ENVO:00002150]; surface water [ENVO:00002042],2021-06-18 00:00:00,ROSKOGO_Wa_210618,Christian Jeanthon; Laurence Garczarek,0000-0002-7339-574X; 0000-0002-8191-8395,flood_tide,,2,blank_1,5,13,3-200,3,,Y,Hand pump,WaSOP 1,na,2021-06-18 00:00:00,Roscoff Observatory - 80 °C,-80,Christian Jeanthon,0000-0002-7339-574X,,,Y,NA,NA,NA,NA,NA,,NA,NA,NA,EMOBON_ROSKOGO_Wa_9
EMO BON ROSKOGO Wa 210618 3µm_Blank,EMOBON metagenome water sample from station ROSKOGO collected on 2021-06-18 size fraction 3-200um,256318,metagenome,metagenome,seawater [ENVO:00002149]; coastal sea water [ENVO:00002150]; surface water [ENVO:00002042],2021-06-18 00:00:00,ROSKOGO_Wa_210618,Christian Jeanthon; Laurence Garczarek,0000-0002-7339-574X; 0000-0002-8191-8395,flood_tide,,2,blank_2,5,13,3-200,3,,Y,Hand pump,WaSOP 1,na,2021-06-18 00:00:00,Roscoff Observatory - 80 °C,-80,Christian Jeanthon,0000-0002-7339-574X,,,Y,NA,NA,NA,NA,NA,,NA,NA,NA,EMOBON_ROSKOGO_Wa_10
EMO BON ROSKOGO Wa 210618 0.22µm_Blank,EMOBON metagenome water sample from station ROSKOGO collected on 2021-06-18 size fraction 0.2-3um,256318,metagenome,metagenome,seawater [ENVO:00002149]; coastal sea water [ENVO:00002150]; surface water [ENVO:00002042],2021-06-18 00:00:00,ROSKOGO_Wa_210618,Christian Jeanthon; Laurence Garczarek,0000-0002-7339-574X; 0000-0002-8191-8395,flood_tide,,2,blank_1,5,13,0.2-3,0.2,3,Y,Hand pump,WaSOP 1,na,2021-06-18 00:00:00,Roscoff Observatory - 80 °C,-80,Christian Jeanthon,0000-0002-7339-574X,,,Y,NA,NA,NA,NA,NA,,NA,NA,NA,EMOBON_ROSKOGO_Wa_11
EMO BON ROSKOGO Wa 210618 0.22µm_Blank,EMOBON metagenome water sample from station ROSKOGO collected on 2021-06-18 size fraction 0.2-3um,256318,metagenome,metagenome,seawater [ENVO:00002149]; coastal sea water [ENVO:00002150]; surface water [ENVO:00002042],2021-06-18 00:00:00,ROSKOGO_Wa_210618,Christian Jeanthon; Laurence Garczarek,0000-0002-7339-574X; 0000-0002-8191-8395,flood_tide,,2,blank_2,5,13,0.2-3,0.2,3,Y,Hand pump,WaSOP 1,na,2021-06-18 00:00:00,Roscoff Observatory - 80 °C,-80,Christian Jeanthon,0000-0002-7339-574X,,,Y,NA,NA,NA,NA,NA,,NA,NA,NA,EMOBON_ROSKOGO_Wa_12
EMO BON ROSKOGO Wa 210802 3µm_1,EMOBON metagenome water sample from station ROSKOGO collected on 2021-08-02 size fraction 3-200um,1874687,marine plankton metagenome,metagenome,seawater [ENVO:00002149]; coastal sea water [ENVO:00002150]; surface water [ENVO:00002042],2021-08-02 00:00:00,ROSKOGO_Wa_210802,Sarah Romac,0000-0003-3785-6972,flood_tide,,2,1,7.5,13,3-200,3,200,Y,Hand pump,WaSOP 1,na,2021-08-02 00:00:00,Roscoff Observatory - 80 °C,-80,Sarah Romac,0000-0003-3785-6972,,,N,2021-10-19 00:00:00,2021-10-22 00:00:00,-70,2021-11-24 00:00:00,2021-11-24 00:00:00,,F,NA,NA,EMOBON_ROSKOGO_Wa_13
EMO BON ROSKOGO Wa 210802 3µm_2,EMOBON metagenome water sample from station ROSKOGO collected on 2021-08-02 size fraction 3-200um,1874687,marine plankton metagenome,metagenome,seawater [ENVO:00002149]; coastal sea water [ENVO:00002150]; surface water [ENVO:00002042],2021-08-02 00:00:00,ROSKOGO_Wa_210802,Sarah Romac,0000-0003-3785-6972,flood_tide,,2,2,7.5,13,3-200,3,200,Y,Hand pump,WaSOP 1,na,2021-08-02 00:00:00,Roscoff Observatory - 80 °C,-80,Sarah Romac,0000-0003-3785-6972,,,N,2021-10-19 00:00:00,2021-10-22 00:00:00,-70,2021-11-24 00:00:00,2021-11-24 00:00:00,,F,NA,NA,EMOBON_ROSKOGO_Wa_14
EMO BON ROSKOGO Wa 210802 3µm_3,EMOBON metagenome water sample from station ROSKOGO collected on 2021-08-02 size fraction 3-200um,1874687,marine plankton metagenome,metagenome,seawater [ENVO:00002149]; coastal sea water [ENVO:00002150]; surface water [ENVO:00002042],2021-08-02 00:00:00,ROSKOGO_Wa_210802,Sarah Romac,0000-0003-3785-6972,flood_tide,,2,3,7.5,13,3-200,3,200,Y,Hand pump,WaSOP 1,na,2021-08-02 00:00:00,Roscoff Observatory - 80 °C,-80,Sarah Romac,0000-0003-3785-6972,,,Y,NA,NA,NA,NA,NA,,NA,NA,NA,EMOBON_ROSKOGO_Wa_15
EMO BON ROSKOGO Wa 210802 3µm_4,EMOBON metagenome water sample from station ROSKOGO collected on 2021-08-02 size fraction 3-200um,1874687,marine plankton metagenome,metagenome,seawater [ENVO:00002149]; coastal sea water [ENVO:00002150]; surface water [ENVO:00002042],2021-08-02 00:00:00,ROSKOGO_Wa_210802,Sarah Romac,0000-0003-3785-6972,flood_tide,,2,4,7.5,13,3-200,3,200,Y,Hand pump,WaSOP 1,na,2021-08-02 00:00:00,Roscoff Observatory - 80 °C,-80,Sarah Romac,0000-0003-3785-6972,,,Y,NA,NA,NA,NA,NA,,NA,NA,NA,EMOBON_ROSKOGO_Wa_16
EMO BON ROSKOGO Wa 210802 0.22µm_1,EMOBON metagenome water sample from station ROSKOGO collected on 2021-08-02 size fraction 0.2-3um,1874687,marine plankton metagenome,metagenome,seawater [ENVO:00002149]; coastal sea water [ENVO:00002150]; surface water [ENVO:00002042],2021-08-02 00:00:00,ROSKOGO_Wa_210802,Sarah Romac,0000-0003-3785-6972,flood_tide,,2,1,7.5,13,0.2-3,0.2,3,Y,Hand pump,WaSOP 1,na,2021-08-02 00:00:00,Roscoff Observatory - 80 °C,-80,Sarah Romac,0000-0003-3785-6972,,,N,2021-10-19 00:00:00,2021-10-22 00:00:00,-70,2021-11-24 00:00:00,2021-11-24 00:00:00,,F,NA,NA,EMOBON_ROSKOGO_Wa_17
EMO BON ROSKOGO Wa 210802 0.22µm_2,EMOBON metagenome water sample from station ROSKOGO collected on 2021-08-02 size fraction 0.2-3um,1874687,marine plankton metagenome,metagenome,seawater [ENVO:00002149]; coastal sea water [ENVO:00002150]; surface water [ENVO:00002042],2021-08-02 00:00:00,ROSKOGO_Wa_210802,Sarah Romac,0000-0003-3785-6972,flood_tide,,2,2,7.5,13,0.2-3,0.2,3,Y,Hand pump,WaSOP 1,na,2021-08-02 00:00:00,Roscoff Observatory - 80 °C,-80,Sarah Romac,0000-0003-3785-6972,,,N,2021-10-19 00:00:00,2021-10-22 00:00:00,-70,2021-11-24 00:00:00,2021-11-24 00:00:00,,F,NA,NA,EMOBON_ROSKOGO_Wa_18
EMO BON ROSKOGO Wa 210802 0.22µm_3,EMOBON metagenome water sample from station ROSKOGO collected on 2021-08-02 size fraction 0.2-3um,1874687,marine plankton metagenome,metagenome,seawater [ENVO:00002149]; coastal sea water [ENVO:00002150]; surface water [ENVO:00002042],2021-08-02 00:00:00,ROSKOGO_Wa_210802,Sarah Romac,0000-0003-3785-6972,flood_tide,,2,3,7.5,13,0.2-3,0.2,3,Y,Hand pump,WaSOP 1,na,2021-08-02 00:00:00,Roscoff Observatory - 80 °C,-80,Sarah Romac,0000-0003-3785-6972,,,Y,NA,NA,NA,NA,NA,,NA,NA,NA,EMOBON_ROSKOGO_Wa_19
EMO BON ROSKOGO Wa 210802 0.22µm_4,EMOBON metagenome water sample from station ROSKOGO collected on 2021-08-02 size fraction 0.2-3um,1874687,marine plankton metagenome,metagenome,seawater [ENVO:00002149]; coastal sea water [ENVO:00002150]; surface water [ENVO:00002042],2021-08-02 00:00:00,ROSKOGO_Wa_210802,Sarah Romac,0000-0003-3785-6972,flood_tide,,2,4,7.5,13,0.2-3,0.2,3,Y,Hand pump,WaSOP 1,na,2021-08-02 00:00:00,Roscoff Observatory - 80 °C,-80,Sarah Romac,0000-0003-3785-6972,,,Y,NA,NA,NA,NA,NA,,NA,NA,NA,EMOBON_ROSKOGO_Wa_20
EMO BON ROSKOGO Wa 210802 3µm_Blank,EMOBON metagenome water sample from station ROSKOGO collected on 2021-08-02 size fraction 3-200um,256318,metagenome,metagenome,seawater [ENVO:00002149]; coastal sea water [ENVO:00002150]; surface water [ENVO:00002042],2021-08-02 00:00:00,ROSKOGO_Wa_210802,Sarah Romac,0000-0003-3785-6972,flood_tide,,2,blank_1,5,13,3-200,3,200,N,Hand pump,WaSOP 1,na,2021-08-02 00:00:00,Roscoff Observatory - 80 °C,-80,Sarah Romac,0000-0003-3785-6972,,,Y,NA,NA,NA,NA,NA,,NA,NA,NA,EMOBON_ROSKOGO_Wa_21
EMO BON ROSKOGO Wa 210802 0.22µm_Blank,EMOBON metagenome water sample from station ROSKOGO collected on 2021-08-02 size fraction 0.2-3um,256318,metagenome,metagenome,seawater [ENVO:00002149]; coastal sea water [ENVO:00002150]; surface water [ENVO:00002042],2021-08-02 00:00:00,ROSKOGO_Wa_210802,Sarah Romac,0000-0003-3785-6972,flood_tide,,2,blank_1,5,13,0.2-3,0.2,3,N,Hand pump,WaSOP 1,na,2021-08-02 00:00:00,Roscoff Observatory - 80 °C,-80,Sarah Romac,0000-0003-3785-6972,,,Y,NA,NA,NA,NA,NA,,NA,NA,NA,EMOBON_ROSKOGO_Wa_22
EMO BON ROSKOGO Wa 211014 3µm_1,EMOBON metagenome water sample from station ROSKOGO collected on 2021-10-14 size fraction 3-200um,1874687,marine plankton metagenome,metagenome,seawater [ENVO:00002149]; coastal sea water [ENVO:00002150]; surface water [ENVO:00002042],2021-10-14 00:00:00,ROSKOGO_Wa_211014,Fabrice Not;Laure Guillou,XXX;XXX,flood_tide,,2,1,7.5,12,3-200,3,200,Y,Hand pump,WaSOP 1,na,2021-10-14 00:00:00,Roscoff Observatory - 80 °C,-80,Fabrice Not;Laure Guillou,,,,N,2022-01-18 00:00:00,2022-01-21 00:00:00,-70,2022-02-22 00:00:00,2022-02-23 00:00:00,,F,NA,NA,EMOBON_ROSKOGO_Wa_23
EMO BON ROSKOGO Wa 211014 3µm_2,EMOBON metagenome water sample from station ROSKOGO collected on 2021-10-14 size fraction 3-200um,1874687,marine plankton metagenome,metagenome,seawater [ENVO:00002149]; coastal sea water [ENVO:00002150]; surface water [ENVO:00002042],2021-10-14 00:00:00,ROSKOGO_Wa_211014,Fabrice Not;Laure Guillou,XXX;XXX,flood_tide,,2,2,7.5,12,3-200,3,200,Y,Hand pump,WaSOP 1,na,2021-10-14 00:00:00,Roscoff Observatory - 80 °C,-80,Fabrice Not;Laure Guillou,,,,N,2022-01-18 00:00:00,2022-01-21 00:00:00,-70,2022-02-22 00:00:00,2022-02-23 00:00:00,,F,NA,NA,EMOBON_ROSKOGO_Wa_24
EMO BON ROSKOGO Wa 211014 3µm_3,EMOBON metagenome water sample from station ROSKOGO collected on 2021-10-14 size fraction 3-200um,1874687,marine plankton metagenome,metagenome,seawater [ENVO:00002149]; coastal sea water [ENVO:00002150]; surface water [ENVO:00002042],2021-10-14 00:00:00,ROSKOGO_Wa_211014,Fabrice Not;Laure Guillou,XXX;XXX,flood_tide,,2,3,7.5,12,3-200,3,200,Y,Hand pump,WaSOP 1,na,2021-10-14 00:00:00,Roscoff Observatory - 80 °C,-80,Fabrice Not;Laure Guillou,,,,Y,NA,NA,NA,NA,NA,,NA,NA,NA,EMOBON_ROSKOGO_Wa_25
EMO BON ROSKOGO Wa 211014 3µm_4,EMOBON metagenome water sample from station ROSKOGO collected on 2021-10-14 size fraction 3-200um,1874687,marine plankton metagenome,metagenome,seawater [ENVO:00002149]; coastal sea water [ENVO:00002150]; surface water [ENVO:00002042],2021-10-14 00:00:00,ROSKOGO_Wa_211014,Fabrice Not;Laure Guillou,XXX;XXX,flood_tide,,2,4,7.5,12,3-200,3,200,Y,Hand pump,WaSOP 1,na,2021-10-14 00:00:00,Roscoff Observatory - 80 °C,-80,Fabrice Not;Laure Guillou,,,,Y,NA,NA,NA,NA,NA,,NA,NA,NA,EMOBON_ROSKOGO_Wa_26
EMO BON ROSKOGO Wa 211014 0.22µm_1,EMOBON metagenome water sample from station ROSKOGO collected on 2021-10-14 size fraction 0.2-3um,1874687,marine plankton metagenome,metagenome,seawater [ENVO:00002149]; coastal sea water [ENVO:00002150]; surface water [ENVO:00002042],2021-10-14 00:00:00,ROSKOGO_Wa_211014,Fabrice Not;Laure Guillou,XXX;XXX,flood_tide,,2,1,7.5,12,0.2-3,0.2,3,Y,Hand pump,WaSOP 1,na,2021-10-14 00:00:00,Roscoff Observatory - 80 °C,-80,Fabrice Not;Laure Guillou,,,,N,2022-01-18 00:00:00,2022-01-21 00:00:00,-70,2022-02-22 00:00:00,2022-02-23 00:00:00,,F,NA,NA,EMOBON_ROSKOGO_Wa_27
EMO BON ROSKOGO Wa 211014 0.22µm_2,EMOBON metagenome water sample from station ROSKOGO collected on 2021-10-14 size fraction 0.2-3um,1874687,marine plankton metagenome,metagenome,seawater [ENVO:00002149]; coastal sea water [ENVO:00002150]; surface water [ENVO:00002042],2021-10-14 00:00:00,ROSKOGO_Wa_211014,Fabrice Not;Laure Guillou,XXX;XXX,flood_tide,,2,2,7.5,12,0.2-3,0.2,3,Y,Hand pump,WaSOP 1,na,2021-10-14 00:00:00,Roscoff Observatory - 80 °C,-80,Fabrice Not;Laure Guillou,,,,N,2022-01-18 00:00:00,2022-01-21 00:00:00,-70,2022-02-22 00:00:00,2022-02-23 00:00:00,,F,NA,NA,EMOBON_ROSKOGO_Wa_28
EMO BON ROSKOGO Wa 211014 0.22µm_3,EMOBON metagenome water sample from station ROSKOGO collected on 2021-10-14 size fraction 0.2-3um,1874687,marine plankton metagenome,metagenome,seawater [ENVO:00002149]; coastal sea water [ENVO:00002150]; surface water [ENVO:00002042],2021-10-14 00:00:00,ROSKOGO_Wa_211014,Fabrice Not;Laure Guillou,XXX;XXX,flood_tide,,2,3,7.5,12,0.2-3,0.2,3,Y,Hand pump,WaSOP 1,na,2021-10-14 00:00:00,Roscoff Observatory - 80 °C,-80,Fabrice Not;Laure Guillou,,,,Y,NA,NA,NA,NA,NA,,NA,NA,NA,EMOBON_ROSKOGO_Wa_29
EMO BON ROSKOGO Wa 211014 0.22µm_4,EMOBON metagenome water sample from station ROSKOGO collected on 2021-10-14 size fraction 0.2-3um,1874687,marine plankton metagenome,metagenome,seawater [ENVO:00002149]; coastal sea water [ENVO:00002150]; surface water [ENVO:00002042],2021-10-14 00:00:00,ROSKOGO_Wa_211014,Fabrice Not;Laure Guillou,XXX;XXX,flood_tide,,2,4,7.5,12,0.2-3,0.2,3,Y,Hand pump,WaSOP 1,na,2021-10-14 00:00:00,Roscoff Observatory - 80 °C,-80,Fabrice Not;Laure Guillou,,,,Y,NA,NA,NA,NA,NA,,NA,NA,NA,EMOBON_ROSKOGO_Wa_30
EMO BON ROSKOGO Wa 211014 3µm_Blank,EMOBON metagenome water sample from station ROSKOGO collected on 2021-10-14 size fraction 3-200um,256318,metagenome,metagenome,seawater [ENVO:00002149]; coastal sea water [ENVO:00002150]; surface water [ENVO:00002042],2021-10-14 00:00:00,ROSKOGO_Wa_211014,Fabrice Not;Laure Guillou,XXX;XXX,flood_tide,,2,blank_1,5,12,3-200,3,200,N,Hand pump,WaSOP 1,na,2021-10-14 00:00:00,Roscoff Observatory - 80 °C,-80,Fabrice Not;Laure Guillou,,,,N,2022-01-18 00:00:00,2022-01-21 00:00:00,-70,2022-02-22 00:00:00,2022-02-23 00:00:00,,Τ,blank; non-quantifiable DNA after extraction,NA,EMOBON_ROSKOGO_Wa_31
EMO BON ROSKOGO Wa 211014 0.22µm_Blank,EMOBON metagenome water sample from station ROSKOGO collected on 2021-10-14 size fraction 0.2-3um,256318,metagenome,metagenome,seawater [ENVO:00002149]; coastal sea water [ENVO:00002150]; surface water [ENVO:00002042],2021-10-14 00:00:00,ROSKOGO_Wa_211014,Fabrice Not;Laure Guillou,XXX;XXX,flood_tide,,2,blank_1,5,12,0.2-3,0.2,3,N,Hand pump,WaSOP 1,na,2021-10-14 00:00:00,Roscoff Observatory - 80 °C,-80,Fabrice Not;Laure Guillou,,,,N,2022-01-18 00:00:00,2022-01-21 00:00:00,-70,2022-02-22 00:00:00,2022-02-23 00:00:00,,Τ,blank; non-quantifiable DNA after extraction,NA,EMOBON_ROSKOGO_Wa_32
EMO BON ROSKOGO Wa 211213 3µm_1,EMOBON metagenome water sample from station ROSKOGO collected on 2021-12-13 size fraction 3-200um,1874687,marine plankton metagenome,metagenome,seawater [ENVO:00002149]; coastal sea water [ENVO:00002150]; surface water [ENVO:00002042],2021-12-13 00:00:00,ROSKOGO_Wa_211213,Christian Jeanthon,XXX;XXX,flood_tide,,2,1,7.5,12,3-200,3,200,Y,Hand pump,WaSOP 1,na,2021-12-13 00:00:00,Roscoff Observatory - 80 °C,-80,,,,,N,2022-01-18 00:00:00,2022-01-21 00:00:00,-70,2022-02-22 00:00:00,2022-02-23 00:00:00,,F,NA,NA,EMOBON_ROSKOGO_Wa_33
EMO BON ROSKOGO Wa 211213 3µm_2,EMOBON metagenome water sample from station ROSKOGO collected on 2021-12-13 size fraction 3-200um,1874687,marine plankton metagenome,metagenome,seawater [ENVO:00002149]; coastal sea water [ENVO:00002150]; surface water [ENVO:00002042],2021-12-13 00:00:00,ROSKOGO_Wa_211213,Christian Jeanthon,XXX;XXX,flood_tide,,2,2,7.5,12,3-200,3,200,Y,Hand pump,WaSOP 1,na,2021-12-13 00:00:00,Roscoff Observatory - 80 °C,-80,,,,,N,2022-01-18 00:00:00,2022-01-21 00:00:00,-70,2022-02-22 00:00:00,2022-02-23 00:00:00,,F,NA,NA,EMOBON_ROSKOGO_Wa_34
EMO BON ROSKOGO Wa 211213 3µm_3,EMOBON metagenome water sample from station ROSKOGO collected on 2021-12-13 size fraction 3-200um,1874687,marine plankton metagenome,metagenome,seawater [ENVO:00002149]; coastal sea water [ENVO:00002150]; surface water [ENVO:00002042],2021-12-13 00:00:00,ROSKOGO_Wa_211213,Christian Jeanthon,XXX;XXX,flood_tide,,2,3,7.5,12,3-200,3,200,Y,Hand pump,WaSOP 1,na,2021-12-13 00:00:00,Roscoff Observatory - 80 °C,-80,,,,,Y,NA,NA,NA,NA,NA,,NA,NA,NA,EMOBON_ROSKOGO_Wa_35
EMO BON ROSKOGO Wa 211213 3µm_4,EMOBON metagenome water sample from station ROSKOGO collected on 2021-12-13 size fraction 3-200um,1874687,marine plankton metagenome,metagenome,seawater [ENVO:00002149]; coastal sea water [ENVO:00002150]; surface water [ENVO:00002042],2021-12-13 00:00:00,ROSKOGO_Wa_211213,Christian Jeanthon,XXX;XXX,flood_tide,,2,4,7.5,12,3-200,3,200,Y,Hand pump,WaSOP 1,na,2021-12-13 00:00:00,Roscoff Observatory - 80 °C,-80,,,,,Y,NA,NA,NA,NA,NA,,NA,NA,NA,EMOBON_ROSKOGO_Wa_36
EMO BON ROSKOGO Wa 211213 0.22µm_1,EMOBON metagenome water sample from station ROSKOGO collected on 2021-12-13 size fraction 0.2-3um,1874687,marine plankton metagenome,metagenome,seawater [ENVO:00002149]; coastal sea water [ENVO:00002150]; surface water [ENVO:00002042],2021-12-13 00:00:00,ROSKOGO_Wa_211213,Christian Jeanthon,XXX;XXX,flood_tide,,2,1,7.5,12,0.2-3,0.2,3,Y,Hand pump,WaSOP 1,na,2021-12-13 00:00:00,Roscoff Observatory - 80 °C,-80,,,,,N,2022-01-18 00:00:00,2022-01-21 00:00:00,-70,2022-02-22 00:00:00,2022-02-23 00:00:00,,F,NA,NA,EMOBON_ROSKOGO_Wa_37
EMO BON ROSKOGO Wa 211213 0.22µm_2,EMOBON metagenome water sample from station ROSKOGO collected on 2021-12-13 size fraction 0.2-3um,1874687,marine plankton metagenome,metagenome,seawater [ENVO:00002149]; coastal sea water [ENVO:00002150]; surface water [ENVO:00002042],2021-12-13 00:00:00,ROSKOGO_Wa_211213,Christian Jeanthon,XXX;XXX,flood_tide,,2,2,7.5,12,0.2-3,0.2,3,Y,Hand pump,WaSOP 1,na,2021-12-13 00:00:00,Roscoff Observatory - 80 °C,-80,,,,,N,2022-01-18 00:00:00,2022-01-21 00:00:00,-70,2022-02-22 00:00:00,2022-02-23 00:00:00,,F,NA,NA,EMOBON_ROSKOGO_Wa_38
EMO BON ROSKOGO Wa 211213 0.22µm_3,EMOBON metagenome water sample from station ROSKOGO collected on 2021-12-13 size fraction 0.2-3um,1874687,marine plankton metagenome,metagenome,seawater [ENVO:00002149]; coastal sea water [ENVO:00002150]; surface water [ENVO:00002042],2021-12-13 00:00:00,ROSKOGO_Wa_211213,Christian Jeanthon,XXX;XXX,flood_tide,,2,3,7.5,12,0.2-3,0.2,3,Y,Hand pump,WaSOP 1,na,2021-12-13 00:00:00,Roscoff Observatory - 80 °C,-80,,,,,Y,NA,NA,NA,NA,NA,,NA,NA,NA,EMOBON_ROSKOGO_Wa_39
EMO BON ROSKOGO Wa 211213 0.22µm_4,EMOBON metagenome water sample from station ROSKOGO collected on 2021-12-13 size fraction 0.2-3um,1874687,marine plankton metagenome,metagenome,seawater [ENVO:00002149]; coastal sea water [ENVO:00002150]; surface water [ENVO:00002042],2021-12-13 00:00:00,ROSKOGO_Wa_211213,Christian Jeanthon,XXX;XXX,flood_tide,,2,4,7.5,12,0.2-3,0.2,3,Y,Hand pump,WaSOP 1,na,2021-12-13 00:00:00,Roscoff Observatory - 80 °C,-80,,,,,Y,NA,NA,NA,NA,NA,,NA,NA,NA,EMOBON_ROSKOGO_Wa_40
EMO BON ROSKOGO Wa 211213 3µm_Blank,EMOBON metagenome water sample from station ROSKOGO collected on 2021-12-13 size fraction 3-200um,256318,metagenome,metagenome,seawater [ENVO:00002149]; coastal sea water [ENVO:00002150]; surface water [ENVO:00002042],2021-12-13 00:00:00,ROSKOGO_Wa_211213,Christian Jeanthon,XXX;XXX,flood_tide,,2,blank_1,5,12,3-200,3,200,N,Hand pump,WaSOP 1,na,2021-12-13 00:00:00,Roscoff Observatory - 80 °C,-80,,,,,Y,NA,NA,NA,NA,NA,,NA,NA,NA,EMOBON_ROSKOGO_Wa_41
EMO BON ROSKOGO Wa 211213 0.22µm_Blank,EMOBON metagenome water sample from station ROSKOGO collected on 2021-12-13 size fraction 0.2-3um,256318,metagenome,metagenome,seawater [ENVO:00002149]; coastal sea water [ENVO:00002150]; surface water [ENVO:00002042],2021-12-13 00:00:00,ROSKOGO_Wa_211213,Christian Jeanthon,XXX;XXX,flood_tide,,2,blank_1,5,12,0.2-3,0.2,3,N,Hand pump,WaSOP 1,na,2021-12-13 00:00:00,Roscoff Observatory - 80 °C,-80,,,,,Y,NA,NA,NA,NA,NA,,NA,NA,NA,EMOBON_ROSKOGO_Wa_42
EMO BON ROSKOGO Wa 220210 3µm_1,EMOBON metagenome water sample from station ROSKOGO collected on 2022-02-10 size fraction 3-200um,1874687,marine plankton metagenome,metagenome,seawater [ENVO:00002149]; coastal sea water [ENVO:00002150]; surface water [ENVO:00002042],2022-02-10 00:00:00,ROSKOGO_Wa_220210,Laurence Garczarek; Morgane Ratin,0000-0002-8191-8395; 0000-0002-1696-2322,flood_tide,,2,1,7.5,11.92,3-200,3,200,Y,Hand pump,WaSOP 1,na,2022-02-10 00:00:00,Roscoff Observatory - 80 °C,-80,Laurence Garczarek,0000-0002-8191-8395,,,N,2022-10-11 00:00:00,2022-10-13 00:00:00,-70,2023-06-01 00:00:00,2023-06-01 00:00:00,,NA,NA,NA,EMOBON_ROSKOGO_Wa_43
EMO BON ROSKOGO Wa 220210 3µm_2,EMOBON metagenome water sample from station ROSKOGO collected on 2022-02-10 size fraction 3-200um,1874687,marine plankton metagenome,metagenome,seawater [ENVO:00002149]; coastal sea water [ENVO:00002150]; surface water [ENVO:00002042],2022-02-10 00:00:00,ROSKOGO_Wa_220210,Laurence Garczarek; Morgane Ratin,0000-0002-8191-8395; 0000-0002-1696-2322,flood_tide,,2,2,7.5,11.92,3-200,3,200,Y,Hand pump,WaSOP 1,na,2022-02-10 00:00:00,Roscoff Observatory - 80 °C,-80,Laurence Garczarek,0000-0002-8191-8395,,,N,2022-10-11 00:00:00,2022-10-13 00:00:00,-70,2023-06-01 00:00:00,2023-06-01 00:00:00,,NA,NA,NA,EMOBON_ROSKOGO_Wa_44
EMO BON ROSKOGO Wa 220210 3µm_3,EMOBON metagenome water sample from station ROSKOGO collected on 2022-02-10 size fraction 3-200um,1874687,marine plankton metagenome,metagenome,seawater [ENVO:00002149]; coastal sea water [ENVO:00002150]; surface water [ENVO:00002042],2022-02-10 00:00:00,ROSKOGO_Wa_220210,Laurence Garczarek; Morgane Ratin,0000-0002-8191-8395; 0000-0002-1696-2322,flood_tide,,2,3,7.5,12.67,3-200,3,200,Y,Hand pump,WaSOP 1,na,2022-02-10 00:00:00,Roscoff Observatory - 80 °C,-80,Laurence Garczarek,0000-0002-8191-8395,,,Y,NA,NA,NA,NA,NA,,NA,NA,NA,EMOBON_ROSKOGO_Wa_45
EMO BON ROSKOGO Wa 220210 3µm_4,EMOBON metagenome water sample from station ROSKOGO collected on 2022-02-10 size fraction 3-200um,1874687,marine plankton metagenome,metagenome,seawater [ENVO:00002149]; coastal sea water [ENVO:00002150]; surface water [ENVO:00002042],2022-02-10 00:00:00,ROSKOGO_Wa_220210,Laurence Garczarek; Morgane Ratin,0000-0002-8191-8395; 0000-0002-1696-2322,flood_tide,,2,4,7.5,12.67,3-200,3,200,Y,Hand pump,WaSOP 1,na,2022-02-10 00:00:00,Roscoff Observatory - 80 °C,-80,Laurence Garczarek,0000-0002-8191-8395,,,Y,NA,NA,NA,NA,NA,,NA,NA,NA,EMOBON_ROSKOGO_Wa_46
EMO BON ROSKOGO Wa 220210 0.22µm_1,EMOBON metagenome water sample from station ROSKOGO collected on 2022-02-10 size fraction 0.2-3um,1874687,marine plankton metagenome,metagenome,seawater [ENVO:00002149]; coastal sea water [ENVO:00002150]; surface water [ENVO:00002042],2022-02-10 00:00:00,ROSKOGO_Wa_220210,Laurence Garczarek; Morgane Ratin,0000-0002-8191-8395; 0000-0002-1696-2322,flood_tide,,2,1,7.5,11.92,0.2-3,0.2,3,Y,Hand pump,WaSOP 1,na,2022-02-10 00:00:00,Roscoff Observatory - 80 °C,-80,Laurence Garczarek,0000-0002-8191-8395,,,N,2022-10-11 00:00:00,2022-10-13 00:00:00,-70,2023-06-01 00:00:00,2023-06-01 00:00:00,,NA,NA,NA,EMOBON_ROSKOGO_Wa_47
EMO BON ROSKOGO Wa 220210 0.22µm_2,EMOBON metagenome water sample from station ROSKOGO collected on 2022-02-10 size fraction 0.2-3um,1874687,marine plankton metagenome,metagenome,seawater [ENVO:00002149]; coastal sea water [ENVO:00002150]; surface water [ENVO:00002042],2022-02-10 00:00:00,ROSKOGO_Wa_220210,Laurence Garczarek; Morgane Ratin,0000-0002-8191-8395; 0000-0002-1696-2322,flood_tide,,2,2,7.5,11.92,0.2-3,0.2,3,Y,Hand pump,WaSOP 1,na,2022-02-10 00:00:00,Roscoff Observatory - 80 °C,-80,Laurence Garczarek,0000-0002-8191-8395,,,N,2022-10-11 00:00:00,2022-10-13 00:00:00,-70,2023-06-01 00:00:00,2023-06-01 00:00:00,,NA,NA,NA,EMOBON_ROSKOGO_Wa_48
EMO BON ROSKOGO Wa 220210 0.22µm_3,EMOBON metagenome water sample from station ROSKOGO collected on 2022-02-10 size fraction 0.2-3um,1874687,marine plankton metagenome,metagenome,seawater [ENVO:00002149]; coastal sea water [ENVO:00002150]; surface water [ENVO:00002042],2022-02-10 00:00:00,ROSKOGO_Wa_220210,Laurence Garczarek; Morgane Ratin,0000-0002-8191-8395; 0000-0002-1696-2322,flood_tide,,2,3,7.5,12.67,0.2-3,0.2,3,Y,Hand pump,WaSOP 1,na,2022-02-10 00:00:00,Roscoff Observatory - 80 °C,-80,Laurence Garczarek,0000-0002-8191-8395,,,Y,NA,NA,NA,NA,NA,,NA,NA,NA,EMOBON_ROSKOGO_Wa_49
EMO BON ROSKOGO Wa 220210 0.22µm_4,EMOBON metagenome water sample from station ROSKOGO collected on 2022-02-10 size fraction 0.2-3um,1874687,marine plankton metagenome,metagenome,seawater [ENVO:00002149]; coastal sea water [ENVO:00002150]; surface water [ENVO:00002042],2022-02-10 00:00:00,ROSKOGO_Wa_220210,Laurence Garczarek; Morgane Ratin,0000-0002-8191-8395; 0000-0002-1696-2322,flood_tide,,2,4,7.5,12.67,0.2-3,0.2,3,Y,Hand pump,WaSOP 1,na,2022-02-10 00:00:00,Roscoff Observatory - 80 °C,-80,Laurence Garczarek,0000-0002-8191-8395,,,Y,NA,NA,NA,NA,NA,,NA,NA,NA,EMOBON_ROSKOGO_Wa_50
EMO BON ROSKOGO Wa 220210 3µm_Blank,EMOBON metagenome water sample from station ROSKOGO collected on 2022-02-10 size fraction 3-200um,256318,metagenome,metagenome,seawater [ENVO:00002149]; coastal sea water [ENVO:00002150]; surface water [ENVO:00002042],2022-02-10 00:00:00,ROSKOGO_Wa_220210,Laurence Garczarek; Morgane Ratin,0000-0002-8191-8395; 0000-0002-1696-2322,flood_tide,,2,blank_1,5,13,3-200,3,200,N,Hand pump,WaSOP 1,na,2022-02-10 00:00:00,Roscoff Observatory - 80 °C,-80,Laurence Garczarek,0000-0002-8191-8395,,,Y,NA,NA,NA,NA,NA,,NA,NA,NA,EMOBON_ROSKOGO_Wa_51
EMO BON ROSKOGO Wa 220210 0.22µm_Blank,EMOBON metagenome water sample from station ROSKOGO collected on 2022-02-10 size fraction 0.2-3um,256318,metagenome,metagenome,seawater [ENVO:00002149]; coastal sea water [ENVO:00002150]; surface water [ENVO:00002042],2022-02-10 00:00:00,ROSKOGO_Wa_220210,Laurence Garczarek; Morgane Ratin,0000-0002-8191-8395; 0000-0002-1696-2322,flood_tide,,2,blank_1,5,13,0.2-3,0.2,3,N,Hand pump,WaSOP 1,na,2022-02-10 00:00:00,Roscoff Observatory - 80 °C,-80,Laurence Garczarek,0000-0002-8191-8395,,,Y,NA,NA,NA,NA,NA,,NA,NA,NA,EMOBON_ROSKOGO_Wa_52
EMO BON ROSKOGO Wa 220425 3µm_1,EMOBON metagenome water sample from station ROSKOGO collected on 2022-04-25 size fraction 3-200um,1874687,marine plankton metagenome,metagenome,seawater [ENVO:00002149]; coastal sea water [ENVO:00002150]; surface water [ENVO:00002042],2022-04-25 00:00:00,ROSKOGO_Wa_220425,Laurence Garczarek; Morgane Ratin,0000-0002-8191-8395; 0000-0002-1696-2322,flood_tide,,2,1,7.5,,3-200,3,200,Y,Hand pump,WaSOP 1,na,2022-04-25 00:00:00,Roscoff Observatory - 80 °C,-80,Morgane Ratin,0000-0002-1696-2322,,,N,2022-10-11 00:00:00,2022-10-13 00:00:00,-70,2023-06-01 00:00:00,2023-06-01 00:00:00,,NA,NA,NA,EMOBON_ROSKOGO_Wa_53
EMO BON ROSKOGO Wa 220425 3µm_2,EMOBON metagenome water sample from station ROSKOGO collected on 2022-04-25 size fraction 3-200um,1874687,marine plankton metagenome,metagenome,seawater [ENVO:00002149]; coastal sea water [ENVO:00002150]; surface water [ENVO:00002042],2022-04-25 00:00:00,ROSKOGO_Wa_220425,Laurence Garczarek; Morgane Ratin,0000-0002-8191-8395; 0000-0002-1696-2322,flood_tide,,2,2,7.5,,3-200,3,200,Y,Hand pump,WaSOP 1,na,2022-04-25 00:00:00,Roscoff Observatory - 80 °C,-80,Morgane Ratin,0000-0002-1696-2322,,,N,2022-10-11 00:00:00,2022-10-13 00:00:00,-70,2023-06-01 00:00:00,2023-06-01 00:00:00,,NA,NA,NA,EMOBON_ROSKOGO_Wa_54
EMO BON ROSKOGO Wa 220425 3µm_3,EMOBON metagenome water sample from station ROSKOGO collected on 2022-04-25 size fraction 3-200um,1874687,marine plankton metagenome,metagenome,seawater [ENVO:00002149]; coastal sea water [ENVO:00002150]; surface water [ENVO:00002042],2022-04-25 00:00:00,ROSKOGO_Wa_220425,Laurence Garczarek; Morgane Ratin,0000-0002-8191-8395; 0000-0002-1696-2322,flood_tide,,2,3,7.5,,3-200,3,200,Y,Hand pump,WaSOP 1,na,2022-04-25 00:00:00,Roscoff Observatory - 80 °C,-80,Morgane Ratin,0000-0002-1696-2322,,,Y,NA,NA,NA,NA,NA,,NA,NA,NA,EMOBON_ROSKOGO_Wa_55
EMO BON ROSKOGO Wa 220425 3µm_4,EMOBON metagenome water sample from station ROSKOGO collected on 2022-04-25 size fraction 3-200um,1874687,marine plankton metagenome,metagenome,seawater [ENVO:00002149]; coastal sea water [ENVO:00002150]; surface water [ENVO:00002042],2022-04-25 00:00:00,ROSKOGO_Wa_220425,Laurence Garczarek; Morgane Ratin,0000-0002-8191-8395; 0000-0002-1696-2322,flood_tide,,2,4,7.5,,3-200,3,200,Y,Hand pump,WaSOP 1,na,2022-04-25 00:00:00,Roscoff Observatory - 80 °C,-80,Morgane Ratin,0000-0002-1696-2322,,,Y,NA,NA,NA,NA,NA,,NA,NA,NA,EMOBON_ROSKOGO_Wa_56
EMO BON ROSKOGO Wa 220425 0.22µm_1,EMOBON metagenome water sample from station ROSKOGO collected on 2022-04-25 size fraction 0.2-3um,1874687,marine plankton metagenome,metagenome,seawater [ENVO:00002149]; coastal sea water [ENVO:00002150]; surface water [ENVO:00002042],2022-04-25 00:00:00,ROSKOGO_Wa_220425,Laurence Garczarek; Morgane Ratin,0000-0002-8191-8395; 0000-0002-1696-2322,flood_tide,,2,1,7.5,,0.2-3,0.2,3,Y,Hand pump,WaSOP 1,na,2022-04-25 00:00:00,Roscoff Observatory - 80 °C,-80,Morgane Ratin,0000-0002-1696-2322,,,N,2022-10-11 00:00:00,2022-10-13 00:00:00,-70,2023-06-01 00:00:00,2023-06-01 00:00:00,,NA,NA,NA,EMOBON_ROSKOGO_Wa_57
EMO BON ROSKOGO Wa 220425 0.22µm_2,EMOBON metagenome water sample from station ROSKOGO collected on 2022-04-25 size fraction 0.2-3um,1874687,marine plankton metagenome,metagenome,seawater [ENVO:00002149]; coastal sea water [ENVO:00002150]; surface water [ENVO:00002042],2022-04-25 00:00:00,ROSKOGO_Wa_220425,Laurence Garczarek; Morgane Ratin,0000-0002-8191-8395; 0000-0002-1696-2322,flood_tide,,2,2,7.5,,0.2-3,0.2,3,Y,Hand pump,WaSOP 1,na,2022-04-25 00:00:00,Roscoff Observatory - 80 °C,-80,Morgane Ratin,0000-0002-1696-2322,,,N,2022-10-11 00:00:00,2022-10-13 00:00:00,-70,2023-06-01 00:00:00,2023-06-01 00:00:00,,NA,NA,NA,EMOBON_ROSKOGO_Wa_58
EMO BON ROSKOGO Wa 220425 0.22µm_3,EMOBON metagenome water sample from station ROSKOGO collected on 2022-04-25 size fraction 0.2-3um,1874687,marine plankton metagenome,metagenome,seawater [ENVO:00002149]; coastal sea water [ENVO:00002150]; surface water [ENVO:00002042],2022-04-25 00:00:00,ROSKOGO_Wa_220425,Laurence Garczarek; Morgane Ratin,0000-0002-8191-8395; 0000-0002-1696-2322,flood_tide,,2,3,7.5,,0.2-3,0.2,3,Y,Hand pump,WaSOP 1,na,2022-04-25 00:00:00,Roscoff Observatory - 80 °C,-80,Morgane Ratin,0000-0002-1696-2322,,,Y,NA,NA,NA,NA,NA,,NA,NA,NA,EMOBON_ROSKOGO_Wa_59
EMO BON ROSKOGO Wa 220425 0.22µm_4,EMOBON metagenome water sample from station ROSKOGO collected on 2022-04-25 size fraction 0.2-3um,1874687,marine plankton metagenome,metagenome,seawater [ENVO:00002149]; coastal sea water [ENVO:00002150]; surface water [ENVO:00002042],2022-04-25 00:00:00,ROSKOGO_Wa_220425,Laurence Garczarek; Morgane Ratin,0000-0002-8191-8395; 0000-0002-1696-2322,flood_tide,,2,4,7.5,,0.2-3,0.2,3,Y,Hand pump,WaSOP 1,na,2022-04-25 00:00:00,Roscoff Observatory - 80 °C,-80,Morgane Ratin,0000-0002-1696-2322,,,Y,NA,NA,NA,NA,NA,,NA,NA,NA,EMOBON_ROSKOGO_Wa_60
EMO BON ROSKOGO Wa 220425 3µm_Blank,EMOBON metagenome water sample from station ROSKOGO collected on 2022-04-25 size fraction 3-200um,256318,metagenome,metagenome,seawater [ENVO:00002149]; coastal sea water [ENVO:00002150]; surface water [ENVO:00002042],2022-04-25 00:00:00,ROSKOGO_Wa_220425,Laurence Garczarek; Morgane Ratin,0000-0002-8191-8395; 0000-0002-1696-2322,flood_tide,,2,blank_1,5,,3-200,3,200,N,Hand pump,WaSOP 1,na,2022-04-25 00:00:00,Roscoff Observatory - 80 °C,-80,Morgane Ratin,0000-0002-1696-2322,,,Y,NA,NA,NA,NA,NA,,NA,NA,NA,EMOBON_ROSKOGO_Wa_61
EMO BON ROSKOGO Wa 220425 0.22µm_Blank,EMOBON metagenome water sample from station ROSKOGO collected on 2022-04-25 size fraction 0.2-3um,256318,metagenome,metagenome,seawater [ENVO:00002149]; coastal sea water [ENVO:00002150]; surface water [ENVO:00002042],2022-04-25 00:00:00,ROSKOGO_Wa_220425,Laurence Garczarek; Morgane Ratin,0000-0002-8191-8395; 0000-0002-1696-2322,flood_tide,,2,blank_1,5,,0.2-3,0.2,3,N,Hand pump,WaSOP 1,na,2022-04-25 00:00:00,Roscoff Observatory - 80 °C,-80,Morgane Ratin,0000-0002-1696-2322,,,Y,NA,NA,NA,NA,NA,,NA,NA,NA,EMOBON_ROSKOGO_Wa_62
EMO BON ROSKOGO Wa 220607 3µm_1,EMOBON metagenome water sample from station ROSKOGO collected on 2022-06-07 size fraction 3-200um,1874687,marine plankton metagenome,metagenome,seawater [ENVO:00002149]; coastal sea water [ENVO:00002150]; surface water [ENVO:00002042],2022-06-07 00:00:00,ROSKOGO_Wa_220607,Sarah Romac,0000-0003-3785-6972,flood_tide,,2,1,7.5,12,3-200,3,200,Y,Hand pump,WaSOP 1,na,2022-06-07 00:00:00,Roscoff Observatory - 80 °C,-80,Sarah Romac,0000-0003-3785-6972,,,N,2022-10-11 00:00:00,2022-10-13 00:00:00,-70,2023-06-01 00:00:00,2023-06-01 00:00:00,,NA,NA,NA,EMOBON_ROSKOGO_Wa_63
EMO BON ROSKOGO Wa 220607 3µm_2,EMOBON metagenome water sample from station ROSKOGO collected on 2022-06-07 size fraction 3-200um,1874687,marine plankton metagenome,metagenome,seawater [ENVO:00002149]; coastal sea water [ENVO:00002150]; surface water [ENVO:00002042],2022-06-07 00:00:00,ROSKOGO_Wa_220607,Sarah Romac,0000-0003-3785-6972,flood_tide,,2,2,7.5,12,3-200,3,200,Y,Hand pump,WaSOP 1,na,2022-06-07 00:00:00,Roscoff Observatory - 80 °C,-80,Sarah Romac,0000-0003-3785-6972,,,N,2022-10-11 00:00:00,2022-10-13 00:00:00,-70,2023-06-01 00:00:00,2023-06-01 00:00:00,,NA,NA,NA,EMOBON_ROSKOGO_Wa_64
EMO BON ROSKOGO Wa 220607 3µm_3,EMOBON metagenome water sample from station ROSKOGO collected on 2022-06-07 size fraction 3-200um,1874687,marine plankton metagenome,metagenome,seawater [ENVO:00002149]; coastal sea water [ENVO:00002150]; surface water [ENVO:00002042],2022-06-07 00:00:00,ROSKOGO_Wa_220607,Sarah Romac,0000-0003-3785-6972,flood_tide,,2,3,7.5,11,3-200,3,200,Y,Hand pump,WaSOP 1,na,2022-06-07 00:00:00,Roscoff Observatory - 80 °C,-80,Sarah Romac,0000-0003-3785-6972,,,Y,NA,NA,NA,NA,NA,,NA,NA,NA,EMOBON_ROSKOGO_Wa_65
EMO BON ROSKOGO Wa 220607 3µm_4,EMOBON metagenome water sample from station ROSKOGO collected on 2022-06-07 size fraction 3-200um,1874687,marine plankton metagenome,metagenome,seawater [ENVO:00002149]; coastal sea water [ENVO:00002150]; surface water [ENVO:00002042],2022-06-07 00:00:00,ROSKOGO_Wa_220607,Sarah Romac,0000-0003-3785-6972,flood_tide,,2,4,7.5,11,3-200,3,200,Y,Hand pump,WaSOP 1,na,2022-06-07 00:00:00,Roscoff Observatory - 80 °C,-80,Sarah Romac,0000-0003-3785-6972,,,Y,NA,NA,NA,NA,NA,,NA,NA,NA,EMOBON_ROSKOGO_Wa_66
EMO BON ROSKOGO Wa 220607 0.22µm_1,EMOBON metagenome water sample from station ROSKOGO collected on 2022-06-07 size fraction 0.2-3um,1874687,marine plankton metagenome,metagenome,seawater [ENVO:00002149]; coastal sea water [ENVO:00002150]; surface water [ENVO:00002042],2022-06-07 00:00:00,ROSKOGO_Wa_220607,Sarah Romac,0000-0003-3785-6972,flood_tide,,2,1,7.5,12,0.2-3,0.2,3,Y,Hand pump,WaSOP 1,na,2022-06-07 00:00:00,Roscoff Observatory - 80 °C,-80,Sarah Romac,0000-0003-3785-6972,,,N,2022-10-11 00:00:00,2022-10-13 00:00:00,-70,2023-06-01 00:00:00,2023-06-01 00:00:00,,NA,NA,NA,EMOBON_ROSKOGO_Wa_67
EMO BON ROSKOGO Wa 220607 0.22µm_2,EMOBON metagenome water sample from station ROSKOGO collected on 2022-06-07 size fraction 0.2-3um,1874687,marine plankton metagenome,metagenome,seawater [ENVO:00002149]; coastal sea water [ENVO:00002150]; surface water [ENVO:00002042],2022-06-07 00:00:00,ROSKOGO_Wa_220607,Sarah Romac,0000-0003-3785-6972,flood_tide,,2,2,7.5,12,0.2-3,0.2,3,Y,Hand pump,WaSOP 1,na,2022-06-07 00:00:00,Roscoff Observatory - 80 °C,-80,Sarah Romac,0000-0003-3785-6972,,,N,2022-10-11 00:00:00,2022-10-13 00:00:00,-70,2023-06-01 00:00:00,2023-06-01 00:00:00,,NA,NA,NA,EMOBON_ROSKOGO_Wa_68
EMO BON ROSKOGO Wa 220607 0.22µm_3,EMOBON metagenome water sample from station ROSKOGO collected on 2022-06-07 size fraction 0.2-3um,1874687,marine plankton metagenome,metagenome,seawater [ENVO:00002149]; coastal sea water [ENVO:00002150]; surface water [ENVO:00002042],2022-06-07 00:00:00,ROSKOGO_Wa_220607,Sarah Romac,0000-0003-3785-6972,flood_tide,,2,3,7.5,13,0.2-3,0.2,3,Y,Hand pump,WaSOP 1,na,2022-06-07 00:00:00,Roscoff Observatory - 80 °C,-80,Sarah Romac,0000-0003-3785-6972,,,Y,NA,NA,NA,NA,NA,,NA,NA,NA,EMOBON_ROSKOGO_Wa_69
EMO BON ROSKOGO Wa 220607 0.22µm_4,EMOBON metagenome water sample from station ROSKOGO collected on 2022-06-07 size fraction 0.2-3um,1874687,marine plankton metagenome,metagenome,seawater [ENVO:00002149]; coastal sea water [ENVO:00002150]; surface water [ENVO:00002042],2022-06-07 00:00:00,ROSKOGO_Wa_220607,Sarah Romac,0000-0003-3785-6972,flood_tide,,2,4,7.5,13,0.2-3,0.2,3,Y,Hand pump,WaSOP 1,na,2022-06-07 00:00:00,Roscoff Observatory - 80 °C,-80,Sarah Romac,0000-0003-3785-6972,,,Y,NA,NA,NA,NA,NA,,NA,NA,NA,EMOBON_ROSKOGO_Wa_70
EMO BON ROSKOGO Wa 220607 3µm_Blank,EMOBON metagenome water sample from station ROSKOGO collected on 2022-06-07 size fraction 3-200um,256318,metagenome,metagenome,seawater [ENVO:00002149]; coastal sea water [ENVO:00002150]; surface water [ENVO:00002042],2022-06-07 00:00:00,ROSKOGO_Wa_220607,Sarah Romac,0000-0003-3785-6972,flood_tide,,2,blank_1,5,13,3-200,3,200,N,Hand pump,WaSOP 1,na,2022-06-07 00:00:00,Roscoff Observatory - 80 °C,-80,Sarah Romac,0000-0003-3785-6972,,,Y,NA,NA,NA,NA,NA,,NA,NA,NA,EMOBON_ROSKOGO_Wa_71
EMO BON ROSKOGO Wa 220607 0.22µm_Blank,EMOBON metagenome water sample from station ROSKOGO collected on 2022-06-07 size fraction 0.2-3um,256318,metagenome,metagenome,seawater [ENVO:00002149]; coastal sea water [ENVO:00002150]; surface water [ENVO:00002042],2022-06-07 00:00:00,ROSKOGO_Wa_220607,Sarah Romac,0000-0003-3785-6972,flood_tide,,2,blank_1,5,13,0.2-3,0.2,3,N,Hand pump,WaSOP 1,na,2022-06-07 00:00:00,Roscoff Observatory - 80 °C,-80,Sarah Romac,0000-0003-3785-6972,,,Y,NA,NA,NA,NA,NA,,NA,NA,NA,EMOBON_ROSKOGO_Wa_72
EMO BON ROSKOGO Wa 220805 3µm_1,EMOBON metagenome water sample from station ROSKOGO collected on 2022-08-05 size fraction 3-200um,1874687,marine plankton metagenome,metagenome,seawater [ENVO:00002149]; coastal sea water [ENVO:00002150]; surface water [ENVO:00002042],2022-08-05 00:00:00,ROSKOGO_Wa_220805,Laure Guillou,xxx,flood_tide,,2,1,7.5,13,3-200,3,200,Y,Hand pump,WaSOP 1,na,2022-08-05 00:00:00,Roscoff Observatory - 80 °C,-80,Laure Guillou,,,,N,2022-10-11 00:00:00,2022-10-13 00:00:00,-70,2023-06-01 00:00:00,2023-06-01 00:00:00,,NA,NA,NA,EMOBON_ROSKOGO_Wa_73
EMO BON ROSKOGO Wa 220805 3µm_2,EMOBON metagenome water sample from station ROSKOGO collected on 2022-08-05 size fraction 3-200um,1874687,marine plankton metagenome,metagenome,seawater [ENVO:00002149]; coastal sea water [ENVO:00002150]; surface water [ENVO:00002042],2022-08-05 00:00:00,ROSKOGO_Wa_220805,Laure Guillou,xxx,flood_tide,,2,2,7.5,13,3-200,3,200,Y,Hand pump,WaSOP 1,na,2022-08-05 00:00:00,Roscoff Observatory - 80 °C,-80,Laure Guillou,,,,N,2022-10-11 00:00:00,2022-10-13 00:00:00,-70,2023-06-01 00:00:00,2023-06-01 00:00:00,,NA,NA,NA,EMOBON_ROSKOGO_Wa_74
EMO BON ROSKOGO Wa 220805 3µm_3,EMOBON metagenome water sample from station ROSKOGO collected on 2022-08-05 size fraction 3-200um,1874687,marine plankton metagenome,metagenome,seawater [ENVO:00002149]; coastal sea water [ENVO:00002150]; surface water [ENVO:00002042],2022-08-05 00:00:00,ROSKOGO_Wa_220805,Laure Guillou,xxx,flood_tide,,2,3,7.5,13,3-200,3,200,Y,Hand pump,WaSOP 1,na,2022-08-05 00:00:00,Roscoff Observatory - 80 °C,-80,Laure Guillou,,,,Y,NA,NA,NA,NA,NA,,NA,NA,NA,EMOBON_ROSKOGO_Wa_75
EMO BON ROSKOGO Wa 220805 3µm_4,EMOBON metagenome water sample from station ROSKOGO collected on 2022-08-05 size fraction 3-200um,1874687,marine plankton metagenome,metagenome,seawater [ENVO:00002149]; coastal sea water [ENVO:00002150]; surface water [ENVO:00002042],2022-08-05 00:00:00,ROSKOGO_Wa_220805,Laure Guillou,xxx,flood_tide,,2,4,7.5,13,3-200,3,200,Y,Hand pump,WaSOP 1,na,2022-08-05 00:00:00,Roscoff Observatory - 80 °C,-80,Laure Guillou,,,,Y,NA,NA,NA,NA,NA,,NA,NA,NA,EMOBON_ROSKOGO_Wa_76
EMO BON ROSKOGO Wa 220805 0.22µm_1,EMOBON metagenome water sample from station ROSKOGO collected on 2022-08-05 size fraction 0.2-3um,1874687,marine plankton metagenome,metagenome,seawater [ENVO:00002149]; coastal sea water [ENVO:00002150]; surface water [ENVO:00002042],2022-08-05 00:00:00,ROSKOGO_Wa_220805,Laure Guillou,xxx,flood_tide,,2,1,7.5,13,0.2-3,0.2,3,Y,Hand pump,WaSOP 1,na,2022-08-05 00:00:00,Roscoff Observatory - 80 °C,-80,Laure Guillou,,,,N,2022-10-11 00:00:00,2022-10-13 00:00:00,-70,2023-06-01 00:00:00,2023-06-01 00:00:00,,NA,NA,NA,EMOBON_ROSKOGO_Wa_77
EMO BON ROSKOGO Wa 220805 0.22µm_2,EMOBON metagenome water sample from station ROSKOGO collected on 2022-08-05 size fraction 0.2-3um,1874687,marine plankton metagenome,metagenome,seawater [ENVO:00002149]; coastal sea water [ENVO:00002150]; surface water [ENVO:00002042],2022-08-05 00:00:00,ROSKOGO_Wa_220805,Laure Guillou,xxx,flood_tide,,2,2,7.5,13,0.2-3,0.2,3,Y,Hand pump,WaSOP 1,na,2022-08-05 00:00:00,Roscoff Observatory - 80 °C,-80,Laure Guillou,,,,N,2022-10-11 00:00:00,2022-10-13 00:00:00,-70,2023-06-01 00:00:00,2023-06-01 00:00:00,,NA,NA,NA,EMOBON_ROSKOGO_Wa_78
EMO BON ROSKOGO Wa 220805 0.22µm_3,EMOBON metagenome water sample from station ROSKOGO collected on 2022-08-05 size fraction 0.2-3um,1874687,marine plankton metagenome,metagenome,seawater [ENVO:00002149]; coastal sea water [ENVO:00002150]; surface water [ENVO:00002042],2022-08-05 00:00:00,ROSKOGO_Wa_220805,Laure Guillou,xxx,flood_tide,,2,3,7.5,13,0.2-3,0.2,3,Y,Hand pump,WaSOP 1,na,2022-08-05 00:00:00,Roscoff Observatory - 80 °C,-80,Laure Guillou,,,,Y,NA,NA,NA,NA,NA,,NA,NA,NA,EMOBON_ROSKOGO_Wa_79
EMO BON ROSKOGO Wa 220805 0.22µm_4,EMOBON metagenome water sample from station ROSKOGO collected on 2022-08-05 size fraction 0.2-3um,1874687,marine plankton metagenome,metagenome,seawater [ENVO:00002149]; coastal sea water [ENVO:00002150]; surface water [ENVO:00002042],2022-08-05 00:00:00,ROSKOGO_Wa_220805,Laure Guillou,xxx,flood_tide,,2,4,7.5,13,0.2-3,0.2,3,Y,Hand pump,WaSOP 1,na,2022-08-05 00:00:00,Roscoff Observatory - 80 °C,-80,Laure Guillou,,,,Y,NA,NA,NA,NA,NA,,NA,NA,NA,EMOBON_ROSKOGO_Wa_80
EMO BON ROSKOGO Wa 220805 3µm_Blank,EMOBON metagenome water sample from station ROSKOGO collected on 2022-08-05 size fraction 3-200um,256318,metagenome,metagenome,seawater [ENVO:00002149]; coastal sea water [ENVO:00002150]; surface water [ENVO:00002042],2022-08-05 00:00:00,ROSKOGO_Wa_220805,Laure Guillou,xxx,flood_tide,,2,blank_1,5,13,3-200,3,200,N,Hand pump,WaSOP 1,na,2022-08-05 00:00:00,Roscoff Observatory - 80 °C,-80,Laure Guillou,,,,Y,NA,NA,NA,NA,NA,,NA,NA,NA,EMOBON_ROSKOGO_Wa_81
EMO BON ROSKOGO Wa 220805 0.22µm_Blank,EMOBON metagenome water sample from station ROSKOGO collected on 2022-08-05 size fraction 0.2-3um,256318,metagenome,metagenome,seawater [ENVO:00002149]; coastal sea water [ENVO:00002150]; surface water [ENVO:00002042],2022-08-05 00:00:00,ROSKOGO_Wa_220805,Laure Guillou,xxx,flood_tide,,2,blank_1,5,13,0.2-3,0.2,3,N,Hand pump,WaSOP 1,na,2022-08-05 00:00:00,Roscoff Observatory - 80 °C,-80,Laure Guillou,,,,Y,NA,NA,NA,NA,NA,,NA,NA,NA,EMOBON_ROSKOGO_Wa_82
EMO BON ROSKOGO Wa 221004 3µm_1,EMOBON metagenome water sample from station ROSKOGO collected on 2022-10-04 size fraction 3-200um,1874687,marine plankton metagenome,metagenome,seawater [ENVO:00002149]; coastal sea water [ENVO:00002150]; surface water [ENVO:00002042],2022-10-04 00:00:00,ROSKOGO_Wa_221004,Christian Jeanthon,0000-0002-7339-574X,flood_tide,,2,1,7.5,13,3-200,3,200,Y,Hand pump,WaSOP 1,na,2022-10-04 00:00:00,Roscoff Observatory - 80 °C,-80,Christian Jeanthon,0000-0002-7339-574X,,,N,2023-06-15 00:00:00,2023-06-19 00:00:00,-70,,,,NA,NA,NA,EMOBON_ROSKOGO_Wa_83
EMO BON ROSKOGO Wa 221004 3µm_2,EMOBON metagenome water sample from station ROSKOGO collected on 2022-10-04 size fraction 3-200um,1874687,marine plankton metagenome,metagenome,seawater [ENVO:00002149]; coastal sea water [ENVO:00002150]; surface water [ENVO:00002042],2022-10-04 00:00:00,ROSKOGO_Wa_221004,Christian Jeanthon,0000-0002-7339-574X,flood_tide,,2,2,7.5,13,3-200,3,200,Y,Hand pump,WaSOP 1,na,2022-10-04 00:00:00,Roscoff Observatory - 80 °C,-80,Christian Jeanthon,0000-0002-7339-574X,,,N,2023-06-15 00:00:00,2023-06-19 00:00:00,-70,,,,NA,NA,NA,EMOBON_ROSKOGO_Wa_84
EMO BON ROSKOGO Wa 221004 3µm_3,EMOBON metagenome water sample from station ROSKOGO collected on 2022-10-04 size fraction 3-200um,1874687,marine plankton metagenome,metagenome,seawater [ENVO:00002149]; coastal sea water [ENVO:00002150]; surface water [ENVO:00002042],2022-10-04 00:00:00,ROSKOGO_Wa_221004,Christian Jeanthon,0000-0002-7339-574X,flood_tide,,2,3,7.5,12,3-200,3,200,Y,Hand pump,WaSOP 1,na,2022-10-04 00:00:00,Roscoff Observatory - 80 °C,-80,Christian Jeanthon,0000-0002-7339-574X,,,Y,NA,NA,NA,NA,NA,,NA,NA,NA,EMOBON_ROSKOGO_Wa_85
EMO BON ROSKOGO Wa 221004 3µm_4,EMOBON metagenome water sample from station ROSKOGO collected on 2022-10-04 size fraction 3-200um,1874687,marine plankton metagenome,metagenome,seawater [ENVO:00002149]; coastal sea water [ENVO:00002150]; surface water [ENVO:00002042],2022-10-04 00:00:00,ROSKOGO_Wa_221004,Christian Jeanthon,0000-0002-7339-574X,flood_tide,,2,4,7.5,12,3-200,3,200,Y,Hand pump,WaSOP 1,na,2022-10-04 00:00:00,Roscoff Observatory - 80 °C,-80,Christian Jeanthon,0000-0002-7339-574X,,,Y,NA,NA,NA,NA,NA,,NA,NA,NA,EMOBON_ROSKOGO_Wa_86
EMO BON ROSKOGO Wa 221004 0.22µm_1,EMOBON metagenome water sample from station ROSKOGO collected on 2022-10-04 size fraction 0.2-3um,1874687,marine plankton metagenome,metagenome,seawater [ENVO:00002149]; coastal sea water [ENVO:00002150]; surface water [ENVO:00002042],2022-10-04 00:00:00,ROSKOGO_Wa_221004,Christian Jeanthon,0000-0002-7339-574X,flood_tide,,2,1,7.5,12,0.2-3,0.2,3,Y,Hand pump,WaSOP 1,na,2022-10-04 00:00:00,Roscoff Observatory - 80 °C,-80,Christian Jeanthon,0000-0002-7339-574X,,,N,2023-06-15 00:00:00,2023-06-19 00:00:00,-70,,,,NA,NA,NA,EMOBON_ROSKOGO_Wa_87
EMO BON ROSKOGO Wa 221004 0.22µm_2,EMOBON metagenome water sample from station ROSKOGO collected on 2022-10-04 size fraction 0.2-3um,1874687,marine plankton metagenome,metagenome,seawater [ENVO:00002149]; coastal sea water [ENVO:00002150]; surface water [ENVO:00002042],2022-10-04 00:00:00,ROSKOGO_Wa_221004,Christian Jeanthon,0000-0002-7339-574X,flood_tide,,2,2,7.5,12,0.2-3,0.2,3,Y,Hand pump,WaSOP 1,na,2022-10-04 00:00:00,Roscoff Observatory - 80 °C,-80,Christian Jeanthon,0000-0002-7339-574X,,,N,2023-06-15 00:00:00,2023-06-19 00:00:00,-70,,,,NA,NA,NA,EMOBON_ROSKOGO_Wa_88
EMO BON ROSKOGO Wa 221004 0.22µm_3,EMOBON metagenome water sample from station ROSKOGO collected on 2022-10-04 size fraction 0.2-3um,1874687,marine plankton metagenome,metagenome,seawater [ENVO:00002149]; coastal sea water [ENVO:00002150]; surface water [ENVO:00002042],2022-10-04 00:00:00,ROSKOGO_Wa_221004,Christian Jeanthon,0000-0002-7339-574X,flood_tide,,2,3,7.5,12,0.2-3,0.2,3,Y,Hand pump,WaSOP 1,na,2022-10-04 00:00:00,Roscoff Observatory - 80 °C,-80,Christian Jeanthon,0000-0002-7339-574X,,,Y,NA,NA,NA,NA,NA,,NA,NA,NA,EMOBON_ROSKOGO_Wa_89
EMO BON ROSKOGO Wa 221004 0.22µm_4,EMOBON metagenome water sample from station ROSKOGO collected on 2022-10-04 size fraction 0.2-3um,1874687,marine plankton metagenome,metagenome,seawater [ENVO:00002149]; coastal sea water [ENVO:00002150]; surface water [ENVO:00002042],2022-10-04 00:00:00,ROSKOGO_Wa_221004,Christian Jeanthon,0000-0002-7339-574X,flood_tide,,2,4,7.5,12,0.2-3,0.2,3,Y,Hand pump,WaSOP 1,na,2022-10-04 00:00:00,Roscoff Observatory - 80 °C,-80,Christian Jeanthon,0000-0002-7339-574X,,,Y,NA,NA,NA,NA,NA,,NA,NA,NA,EMOBON_ROSKOGO_Wa_90
EMO BON ROSKOGO Wa 221004 3µm_Blank,EMOBON metagenome water sample from station ROSKOGO collected on 2022-10-04 size fraction 3-200um,256318,metagenome,metagenome,seawater [ENVO:00002149]; coastal sea water [ENVO:00002150]; surface water [ENVO:00002042],2022-10-04 00:00:00,ROSKOGO_Wa_221004,Christian Jeanthon,0000-0002-7339-574X,flood_tide,,2,blank_1,5,12,3-200,3,200,N,Hand pump,WaSOP 1,na,2022-10-04 00:00:00,Roscoff Observatory - 80 °C,-80,Christian Jeanthon,0000-0002-7339-574X,,,Y,NA,NA,NA,NA,NA,,NA,NA,NA,EMOBON_ROSKOGO_Wa_91
EMO BON ROSKOGO Wa 221004 0.22µm_Blank,EMOBON metagenome water sample from station ROSKOGO collected on 2022-10-04 size fraction 0.2-3um,256318,metagenome,metagenome,seawater [ENVO:00002149]; coastal sea water [ENVO:00002150]; surface water [ENVO:00002042],2022-10-04 00:00:00,ROSKOGO_Wa_221004,Christian Jeanthon,0000-0002-7339-574X,flood_tide,,2,blank_1,5,12,0.2-3,0.2,3,N,Hand pump,WaSOP 1,na,2022-10-04 00:00:00,Roscoff Observatory - 80 °C,-80,Christian Jeanthon,0000-0002-7339-574X,,,Y,NA,NA,NA,NA,NA,,NA,NA,NA,EMOBON_ROSKOGO_Wa_92
EMO BON ROSKOGO Wa 221216 3µm_1,EMOBON metagenome water sample from station ROSKOGO collected on 2022-12-16 size fraction 3-200um,1874687,marine plankton metagenome,metagenome,seawater [ENVO:00002149]; coastal sea water [ENVO:00002150]; surface water [ENVO:00002042],2022-12-16 00:00:00,ROSKOGO_Wa_221216,Fabrice Not,https://0000-0002-9342-195X,flood_tide,,2,1,7.5,12,3-200,3,200,Y,Hand pump,WaSOP 1,na,2022-12-16 00:00:00,Roscoff Observatory - 80 °C,-80,Fabrice Not,https://0000-0002-9342-195X,,,N,2023-06-15 00:00:00,2023-06-19 00:00:00,-70,,,,NA,NA,NA,EMOBON_ROSKOGO_Wa_93
EMO BON ROSKOGO Wa 221216 3µm_2,EMOBON metagenome water sample from station ROSKOGO collected on 2022-12-16 size fraction 3-200um,1874687,marine plankton metagenome,metagenome,seawater [ENVO:00002149]; coastal sea water [ENVO:00002150]; surface water [ENVO:00002042],2022-12-16 00:00:00,ROSKOGO_Wa_221216,Fabrice Not,https://0000-0002-9342-195X,flood_tide,,2,2,7.5,12,3-200,3,200,Y,Hand pump,WaSOP 1,na,2022-12-16 00:00:00,Roscoff Observatory - 80 °C,-80,Fabrice Not,https://0000-0002-9342-195X,,,N,2023-06-15 00:00:00,2023-06-19 00:00:00,-70,,,,NA,NA,NA,EMOBON_ROSKOGO_Wa_94
EMO BON ROSKOGO Wa 221216 3µm_3,EMOBON metagenome water sample from station ROSKOGO collected on 2022-12-16 size fraction 3-200um,1874687,marine plankton metagenome,metagenome,seawater [ENVO:00002149]; coastal sea water [ENVO:00002150]; surface water [ENVO:00002042],2022-12-16 00:00:00,ROSKOGO_Wa_221216,Fabrice Not,https://0000-0002-9342-195X,flood_tide,,2,3,7.5,12,3-200,3,200,Y,Hand pump,WaSOP 1,na,2022-12-16 00:00:00,Roscoff Observatory - 80 °C,-80,Fabrice Not,https://0000-0002-9342-195X,,,Y,NA,NA,NA,NA,NA,,NA,NA,NA,EMOBON_ROSKOGO_Wa_95
EMO BON ROSKOGO Wa 221216 3µm_4,EMOBON metagenome water sample from station ROSKOGO collected on 2022-12-16 size fraction 3-200um,1874687,marine plankton metagenome,metagenome,seawater [ENVO:00002149]; coastal sea water [ENVO:00002150]; surface water [ENVO:00002042],2022-12-16 00:00:00,ROSKOGO_Wa_221216,Fabrice Not,https://0000-0002-9342-195X,flood_tide,,2,4,7.5,12,3-200,3,200,Y,Hand pump,WaSOP 1,na,2022-12-16 00:00:00,Roscoff Observatory - 80 °C,-80,Fabrice Not,https://0000-0002-9342-195X,,,Y,NA,NA,NA,NA,NA,,NA,NA,NA,EMOBON_ROSKOGO_Wa_96
EMO BON ROSKOGO Wa 221216 0.22µm_1,EMOBON metagenome water sample from station ROSKOGO collected on 2022-12-16 size fraction 0.2-3um,1874687,marine plankton metagenome,metagenome,seawater [ENVO:00002149]; coastal sea water [ENVO:00002150]; surface water [ENVO:00002042],2022-12-16 00:00:00,ROSKOGO_Wa_221216,Fabrice Not,https://0000-0002-9342-195X,flood_tide,,2,1,7.5,12,0.2-3,0.2,3,Y,Hand pump,WaSOP 1,na,2022-12-16 00:00:00,Roscoff Observatory - 80 °C,-80,Fabrice Not,https://0000-0002-9342-195X,,,N,2023-06-15 00:00:00,2023-06-19 00:00:00,-70,,,,NA,NA,NA,EMOBON_ROSKOGO_Wa_97
EMO BON ROSKOGO Wa 221216 0.22µm_2,EMOBON metagenome water sample from station ROSKOGO collected on 2022-12-16 size fraction 0.2-3um,1874687,marine plankton metagenome,metagenome,seawater [ENVO:00002149]; coastal sea water [ENVO:00002150]; surface water [ENVO:00002042],2022-12-16 00:00:00,ROSKOGO_Wa_221216,Fabrice Not,https://0000-0002-9342-195X,flood_tide,,2,2,7.5,12,0.2-3,0.2,3,Y,Hand pump,WaSOP 1,na,2022-12-16 00:00:00,Roscoff Observatory - 80 °C,-80,Fabrice Not,https://0000-0002-9342-195X,,,N,2023-06-15 00:00:00,2023-06-19 00:00:00,-70,,,,NA,NA,NA,EMOBON_ROSKOGO_Wa_98
EMO BON ROSKOGO Wa 221216 0.22µm_3,EMOBON metagenome water sample from station ROSKOGO collected on 2022-12-16 size fraction 0.2-3um,1874687,marine plankton metagenome,metagenome,seawater [ENVO:00002149]; coastal sea water [ENVO:00002150]; surface water [ENVO:00002042],2022-12-16 00:00:00,ROSKOGO_Wa_221216,Fabrice Not,https://0000-0002-9342-195X,flood_tide,,2,3,7.5,12,0.2-3,0.2,3,Y,Hand pump,WaSOP 1,na,2022-12-16 00:00:00,Roscoff Observatory - 80 °C,-80,Fabrice Not,https://0000-0002-9342-195X,,,Y,NA,NA,NA,NA,NA,,NA,NA,NA,EMOBON_ROSKOGO_Wa_99
EMO BON ROSKOGO Wa 221216 0.22µm_4,EMOBON metagenome water sample from station ROSKOGO collected on 2022-12-16 size fraction 0.2-3um,1874687,marine plankton metagenome,metagenome,seawater [ENVO:00002149]; coastal sea water [ENVO:00002150]; surface water [ENVO:00002042],2022-12-16 00:00:00,ROSKOGO_Wa_221216,Fabrice Not,https://0000-0002-9342-195X,flood_tide,,2,4,7.5,12,0.2-3,0.2,3,Y,Hand pump,WaSOP 1,na,2022-12-16 00:00:00,Roscoff Observatory - 80 °C,-80,Fabrice Not,https://0000-0002-9342-195X,,,Y,NA,NA,NA,NA,NA,,NA,NA,NA,EMOBON_ROSKOGO_Wa_100
EMO BON ROSKOGO Wa 221216 3µm_Blank,EMOBON metagenome water sample from station ROSKOGO collected on 2022-12-16 size fraction 3-200um,256318,metagenome,metagenome,seawater [ENVO:00002149]; coastal sea water [ENVO:00002150]; surface water [ENVO:00002042],2022-12-16 00:00:00,ROSKOGO_Wa_221216,Fabrice Not,https://0000-0002-9342-195X,flood_tide,,2,blank_1,5,12,3-200,3,200,N,Hand pump,WaSOP 1,na,2022-12-16 00:00:00,Roscoff Observatory - 80 °C,-80,Fabrice Not,https://0000-0002-9342-195X,,,Y,NA,NA,NA,NA,NA,,NA,NA,NA,EMOBON_ROSKOGO_Wa_101
EMO BON ROSKOGO Wa 221216 0.22µm_Blank,EMOBON metagenome water sample from station ROSKOGO collected on 2022-12-16 size fraction 0.2-3um,256318,metagenome,metagenome,seawater [ENVO:00002149]; coastal sea water [ENVO:00002150]; surface water [ENVO:00002042],2022-12-16 00:00:00,ROSKOGO_Wa_221216,Fabrice Not,https://0000-0002-9342-195X,flood_tide,,2,blank_1,5,12,0.2-3,0.2,3,N,Hand pump,WaSOP 1,na,2022-12-16 00:00:00,Roscoff Observatory - 80 °C,-80,Fabrice Not,https://0000-0002-9342-195X,,,Y,NA,NA,NA,NA,NA,,NA,NA,NA,EMOBON_ROSKOGO_Wa_102
,,,,,,,,,,,,,,,,,,,,,,,,,,,,,,,,,,,,,,,,
,,,,,,,,,,,,,,,,,,,,,,,,,,,,,,,,,,,,,,,,
,,,,,,,,,,,,,,,,,,,,,,,,,,,,,,,,,,,,,,,,
,,,,,,,,,,,,,,,,,,,,,,,,,,,,,,,,,,,,,,,,
,,,,,,,,,,,,,,,,,,,,,,,,,,,,,,,,,,,,,,,,
,,,,,,,,,,,,,,,,,,,,,,,,,,,,,,,,,,,,,,,,
,,,,,,,,,,,,,,,,,,,,,,,,,,,,,,,,,,,,,,,,
,,,,,,,,,,,,,,,,,,,,,,,,,,,,,,,,,,,,,,,,
,,,,,,,,,,,,,,,,,,,,,,,,,,,,,,,,,,,,,,,,
,,,,,,,,,,,,,,,,,,,,,,,,,,,,,,,,,,,,,,,,
,,,,,,,,,,,,,,,,,,,,,,,,,,,,,,,,,,,,,,,,
,,,,,,,,,,,,,,,,,,,,,,,,,,,,,,,,,,,,,,,,
,,,,,,,,,,,,,,,,,,,,,,,,,,,,,,,,,,,,,,,,
,,,,,,,,,,,,,,,,,,,,,,,,,,,,,,,,,,,,,,,,
,,,,,,,,,,,,,,,,,,,,,,,,,,,,,,,,,,,,,,,,
,,,,,,,,,,,,,,,,,,,,,,,,,,,,,,,,,,,,,,,,
,,,,,,,,,,,,,,,,,,,,,,,,,,,,,,,,,,,,,,,,
,,,,,,,,,,,,,,,,,,,,,,,,,,,,,,,,,,,,,,,,
,,,,,,,,,,,,,,,,,,,,,,,,,,,,,,,,,,,,,,,,
,,,,,,,,,,,,,,,,,,,,,,,,,,,,,,,,,,,,,,,,
,,,,,,,,,,,,,,,,,,,,,,,,,,,,,,,,,,,,,,,,
,,,,,,,,,,,,,,,,,,,,,,,,,,,,,,,,,,,,,,,,
,,,,,,,,,,,,,,,,,,,,,,,,,,,,,,,,,,,,,,,,
,,,,,,,,,,,,,,,,,,,,,,,,,,,,,,,,,,,,,,,,
,,,,,,,,,,,,,,,,,,,,,,,,,,,,,,,,,,,,,,,,
,,,,,,,,,,,,,,,,,,,,,,,,,,,,,,,,,,,,,,,,
,,,,,,,,,,,,,,,,,,,,,,,,,,,,,,,,,,,,,,,,
,,,,,,,,,,,,,,,,,,,,,,,,,,,,,,,,,,,,,,,,
,,,,,,,,,,,,,,,,,,,,,,,,,,,,,,,,,,,,,,,,
,,,,,,,,,,,,,,,,,,,,,,,,,,,,,,,,,,,,,,,,
,,,,,,,,,,,,,,,,,,,,,,,,,,,,,,,,,,,,,,,,
,,,,,,,,,,,,,,,,,,,,,,,,,,,,,,,,,,,,,,,,
,,,,,,,,,,,,,,,,,,,,,,,,,,,,,,,,,,,,,,,,
,,,,,,,,,,,,,,,,,,,,,,,,,,,,,,,,,,,,,,,,
,,,,,,,,,,,,,,,,,,,,,,,,,,,,,,,,,,,,,,,,
,,,,,,,,,,,,,,,,,,,,,,,,,,,,,,,,,,,,,,,,
,,,,,,,,,,,,,,,,,,,,,,,,,,,,,,,,,,,,,,,,
,,,,,,,,,,,,,,,,,,,,,,,,,,,,,,,,,,,,,,,,
,,,,,,,,,,,,,,,,,,,,,,,,,,,,,,,,,,,,,,,,
,,,,,,,,,,,,,,,,,,,,,,,,,,,,,,,,,,,,,,,,
,,,,,,,,,,,,,,,,,,,,,,,,,,,,,,,,,,,,,,,,
,,,,,,,,,,,,,,,,,,,,,,,,,,,,,,,,,,,,,,,,
,,,,,,,,,,,,,,,,,,,,,,,,,,,,,,,,,,,,,,,,
,,,,,,,,,,,,,,,,,,,,,,,,,,,,,,,,,,,,,,,,
,,,,,,,,,,,,,,,,,,,,,,,,,,,,,,,,,,,,,,,,
,,,,,,,,,,,,,,,,,,,,,,,,,,,,,,,,,,,,,,,,
,,,,,,,,,,,,,,,,,,,,,,,,,,,,,,,,,,,,,,,,
,,,,,,,,,,,,,,,,,,,,,,,,,,,,,,,,,,,,,,,,
,,,,,,,,,,,,,,,,,,,,,,,,,,,,,,,,,,,,,,,,
,,,,,,,,,,,,,,,,,,,,,,,,,,,,,,,,,,,,,,,,
,,,,,,,,,,,,,,,,,,,,,,,,,,,,,,,,,,,,,,,,
,,,,,,,,,,,,,,,,,,,,,,,,,,,,,,,,,,,,,,,,
,,,,,,,,,,,,,,,,,,,,,,,,,,,,,,,,,,,,,,,,
,,,,,,,,,,,,,,,,,,,,,,,,,,,,,,,,,,,,,,,,
,,,,,,,,,,,,,,,,,,,,,,,,,,,,,,,,,,,,,,,,
,,,,,,,,,,,,,,,,,,,,,,,,,,,,,,,,,,,,,,,,
,,,,,,,,,,,,,,,,,,,,,,,,,,,,,,,,,,,,,,,,
,,,,,,,,,,,,,,,,,,,,,,,,,,,,,,,,,,,,,,,,
,,,,,,,,,,,,,,,,,,,,,,,,,,,,,,,,,,,,,,,,
,,,,,,,,,,,,,,,,,,,,,,,,,,,,,,,,,,,,,,,,
,,,,,,,,,,,,,,,,,,,,,,,,,,,,,,,,,,,,,,,,
,,,,,,,,,,,,,,,,,,,,,,,,,,,,,,,,,,,,,,,,
,,,,,,,,,,,,,,,,,,,,,,,,,,,,,,,,,,,,,,,,
,,,,,,,,,,,,,,,,,,,,,,,,,,,,,,,,,,,,,,,,
,,,,,,,,,,,,,,,,,,,,,,,,,,,,,,,,,,,,,,,,
,,,,,,,,,,,,,,,,,,,,,,,,,,,,,,,,,,,,,,,,
,,,,,,,,,,,,,,,,,,,,,,,,,,,,,,,,,,,,,,,,
,,,,,,,,,,,,,,,,,,,,,,,,,,,,,,,,,,,,,,,,
,,,,,,,,,,,,,,,,,,,,,,,,,,,,,,,,,,,,,,,,
,,,,,,,,,,,,,,,,,,,,,,,,,,,,,,,,,,,,,,,,
,,,,,,,,,,,,,,,,,,,,,,,,,,,,,,,,,,,,,,,,
,,,,,,,,,,,,,,,,,,,,,,,,,,,,,,,,,,,,,,,,
,,,,,,,,,,,,,,,,,,,,,,,,,,,,,,,,,,,,,,,,
,,,,,,,,,,,,,,,,,,,,,,,,,,,,,,,,,,,,,,,,
,,,,,,,,,,,,,,,,,,,,,,,,,,,,,,,,,,,,,,,,
,,,,,,,,,,,,,,,,,,,,,,,,,,,,,,,,,,,,,,,,
,,,,,,,,,,,,,,,,,,,,,,,,,,,,,,,,,,,,,,,,
,,,,,,,,,,,,,,,,,,,,,,,,,,,,,,,,,,,,,,,,
,,,,,,,,,,,,,,,,,,,,,,,,,,,,,,,,,,,,,,,,
,,,,,,,,,,,,,,,,,,,,,,,,,,,,,,,,,,,,,,,,
,,,,,,,,,,,,,,,,,,,,,,,,,,,,,,,,,,,,,,,,
,,,,,,,,,,,,,,,,,,,,,,,,,,,,,,,,,,,,,,,,
,,,,,,,,,,,,,,,,,,,,,,,,,,,,,,,,,,,,,,,,
,,,,,,,,,,,,,,,,,,,,,,,,,,,,,,,,,,,,,,,,
,,,,,,,,,,,,,,,,,,,,,,,,,,,,,,,,,,,,,,,,
,,,,,,,,,,,,,,,,,,,,,,,,,,,,,,,,,,,,,,,,
,,,,,,,,,,,,,,,,,,,,,,,,,,,,,,,,,,,,,,,,
,,,,,,,,,,,,,,,,,,,,,,,,,,,,,,,,,,,,,,,,
,,,,,,,,,,,,,,,,,,,,,,,,,,,,,,,,,,,,,,,,
,,,,,,,,,,,,,,,,,,,,,,,,,,,,,,,,,,,,,,,,
,,,,,,,,,,,,,,,,,,,,,,,,,,,,,,,,,,,,,,,,
,,,,,,,,,,,,,,,,,,,,,,,,,,,,,,,,,,,,,,,,
,,,,,,,,,,,,,,,,,,,,,,,,,,,,,,,,,,,,,,,,
,,,,,,,,,,,,,,,,,,,,,,,,,,,,,,,,,,,,,,,,
,,,,,,,,,,,,,,,,,,,,,,,,,,,,,,,,,,,,,,,,
,,,,,,,,,,,,,,,,,,,,,,,,,,,,,,,,,,,,,,,,
,,,,,,,,,,,,,,,,,,,,,,,,,,,,,,,,,,,,,,,,
,,,,,,,,,,,,,,,,,,,,,,,,,,,,,,,,,,,,,,,,
,,,,,,,,,,,,,,,,,,,,,,,,,,,,,,,,,,,,,,,,
,,,,,,,,,,,,,,,,,,,,,,,,,,,,,,,,,,,,,,,,
,,,,,,,,,,,,,,,,,,,,,,,,,,,,,,,,,,,,,,,,
,,,,,,,,,,,,,,,,,,,,,,,,,,,,,,,,,,,,,,,,
,,,,,,,,,,,,,,,,,,,,,,,,,,,,,,,,,,,,,,,,
,,,,,,,,,,,,,,,,,,,,,,,,,,,,,,,,,,,,,,,,
,,,,,,,,,,,,,,,,,,,,,,,,,,,,,,,,,,,,,,,,
,,,,,,,,,,,,,,,,,,,,,,,,,,,,,,,,,,,,,,,,
,,,,,,,,,,,,,,,,,,,,,,,,,,,,,,,,,,,,,,,,
,,,,,,,,,,,,,,,,,,,,,,,,,,,,,,,,,,,,,,,,
,,,,,,,,,,,,,,,,,,,,,,,,,,,,,,,,,,,,,,,,
,,,,,,,,,,,,,,,,,,,,,,,,,,,,,,,,,,,,,,,,
,,,,,,,,,,,,,,,,,,,,,,,,,,,,,,,,,,,,,,,,
,,,,,,,,,,,,,,,,,,,,,,,,,,,,,,,,,,,,,,,,
,,,,,,,,,,,,,,,,,,,,,,,,,,,,,,,,,,,,,,,,
,,,,,,,,,,,,,,,,,,,,,,,,,,,,,,,,,,,,,,,,
,,,,,,,,,,,,,,,,,,,,,,,,,,,,,,,,,,,,,,,,
,,,,,,,,,,,,,,,,,,,,,,,,,,,,,,,,,,,,,,,,
,,,,,,,,,,,,,,,,,,,,,,,,,,,,,,,,,,,,,,,,
,,,,,,,,,,,,,,,,,,,,,,,,,,,,,,,,,,,,,,,,
,,,,,,,,,,,,,,,,,,,,,,,,,,,,,,,,,,,,,,,,
,,,,,,,,,,,,,,,,,,,,,,,,,,,,,,,,,,,,,,,,
,,,,,,,,,,,,,,,,,,,,,,,,,,,,,,,,,,,,,,,,
,,,,,,,,,,,,,,,,,,,,,,,,,,,,,,,,,,,,,,,,
,,,,,,,,,,,,,,,,,,,,,,,,,,,,,,,,,,,,,,,,
,,,,,,,,,,,,,,,,,,,,,,,,,,,,,,,,,,,,,,,,
,,,,,,,,,,,,,,,,,,,,,,,,,,,,,,,,,,,,,,,,
,,,,,,,,,,,,,,,,,,,,,,,,,,,,,,,,,,,,,,,,
,,,,,,,,,,,,,,,,,,,,,,,,,,,,,,,,,,,,,,,,
,,,,,,,,,,,,,,,,,,,,,,,,,,,,,,,,,,,,,,,,
,,,,,,,,,,,,,,,,,,,,,,,,,,,,,,,,,,,,,,,,
,,,,,,,,,,,,,,,,,,,,,,,,,,,,,,,,,,,,,,,,
,,,,,,,,,,,,,,,,,,,,,,,,,,,,,,,,,,,,,,,,
,,,,,,,,,,,,,,,,,,,,,,,,,,,,,,,,,,,,,,,,
,,,,,,,,,,,,,,,,,,,,,,,,,,,,,,,,,,,,,,,,
,,,,,,,,,,,,,,,,,,,,,,,,,,,,,,,,,,,,,,,,
,,,,,,,,,,,,,,,,,,,,,,,,,,,,,,,,,,,,,,,,
,,,,,,,,,,,,,,,,,,,,,,,,,,,,,,,,,,,,,,,,
,,,,,,,,,,,,,,,,,,,,,,,,,,,,,,,,,,,,,,,,
,,,,,,,,,,,,,,,,,,,,,,,,,,,,,,,,,,,,,,,,
,,,,,,,,,,,,,,,,,,,,,,,,,,,,,,,,,,,,,,,,
,,,,,,,,,,,,,,,,,,,,,,,,,,,,,,,,,,,,,,,,
,,,,,,,,,,,,,,,,,,,,,,,,,,,,,,,,,,,,,,,,
,,,,,,,,,,,,,,,,,,,,,,,,,,,,,,,,,,,,,,,,
,,,,,,,,,,,,,,,,,,,,,,,,,,,,,,,,,,,,,,,,
,,,,,,,,,,,,,,,,,,,,,,,,,,,,,,,,,,,,,,,,
,,,,,,,,,,,,,,,,,,,,,,,,,,,,,,,,,,,,,,,,
,,,,,,,,,,,,,,,,,,,,,,,,,,,,,,,,,,,,,,,,
,,,,,,,,,,,,,,,,,,,,,,,,,,,,,,,,,,,,,,,,
,,,,,,,,,,,,,,,,,,,,,,,,,,,,,,,,,,,,,,,,
,,,,,,,,,,,,,,,,,,,,,,,,,,,,,,,,,,,,,,,,
,,,,,,,,,,,,,,,,,,,,,,,,,,,,,,,,,,,,,,,,
,,,,,,,,,,,,,,,,,,,,,,,,,,,,,,,,,,,,,,,,
,,,,,,,,,,,,,,,,,,,,,,,,,,,,,,,,,,,,,,,,
,,,,,,,,,,,,,,,,,,,,,,,,,,,,,,,,,,,,,,,,
,,,,,,,,,,,,,,,,,,,,,,,,,,,,,,,,,,,,,,,,
,,,,,,,,,,,,,,,,,,,,,,,,,,,,,,,,,,,,,,,,
,,,,,,,,,,,,,,,,,,,,,,,,,,,,,,,,,,,,,,,,
,,,,,,,,,,,,,,,,,,,,,,,,,,,,,,,,,,,,,,,,
,,,,,,,,,,,,,,,,,,,,,,,,,,,,,,,,,,,,,,,,
,,,,,,,,,,,,,,,,,,,,,,,,,,,,,,,,,,,,,,,,
,,,,,,,,,,,,,,,,,,,,,,,,,,,,,,,,,,,,,,,,
,,,,,,,,,,,,,,,,,,,,,,,,,,,,,,,,,,,,,,,,
,,,,,,,,,,,,,,,,,,,,,,,,,,,,,,,,,,,,,,,,
,,,,,,,,,,,,,,,,,,,,,,,,,,,,,,,,,,,,,,,,
,,,,,,,,,,,,,,,,,,,,,,,,,,,,,,,,,,,,,,,,
,,,,,,,,,,,,,,,,,,,,,,,,,,,,,,,,,,,,,,,,
,,,,,,,,,,,,,,,,,,,,,,,,,,,,,,,,,,,,,,,,
,,,,,,,,,,,,,,,,,,,,,,,,,,,,,,,,,,,,,,,,
,,,,,,,,,,,,,,,,,,,,,,,,,,,,,,,,,,,,,,,,
,,,,,,,,,,,,,,,,,,,,,,,,,,,,,,,,,,,,,,,,
,,,,,,,,,,,,,,,,,,,,,,,,,,,,,,,,,,,,,,,,
,,,,,,,,,,,,,,,,,,,,,,,,,,,,,,,,,,,,,,,,
,,,,,,,,,,,,,,,,,,,,,,,,,,,,,,,,,,,,,,,,
,,,,,,,,,,,,,,,,,,,,,,,,,,,,,,,,,,,,,,,,
,,,,,,,,,,,,,,,,,,,,,,,,,,,,,,,,,,,,,,,,
,,,,,,,,,,,,,,,,,,,,,,,,,,,,,,,,,,,,,,,,
,,,,,,,,,,,,,,,,,,,,,,,,,,,,,,,,,,,,,,,,
,,,,,,,,,,,,,,,,,,,,,,,,,,,,,,,,,,,,,,,,
,,,,,,,,,,,,,,,,,,,,,,,,,,,,,,,,,,,,,,,,
,,,,,,,,,,,,,,,,,,,,,,,,,,,,,,,,,,,,,,,,
,,,,,,,,,,,,,,,,,,,,,,,,,,,,,,,,,,,,,,,,
,,,,,,,,,,,,,,,,,,,,,,,,,,,,,,,,,,,,,,,,
,,,,,,,,,,,,,,,,,,,,,,,,,,,,,,,,,,,,,,,,
,,,,,,,,,,,,,,,,,,,,,,,,,,,,,,,,,,,,,,,,
,,,,,,,,,,,,,,,,,,,,,,,,,,,,,,,,,,,,,,,,
,,,,,,,,,,,,,,,,,,,,,,,,,,,,,,,,,,,,,,,,
,,,,,,,,,,,,,,,,,,,,,,,,,,,,,,,,,,,,,,,,
,,,,,,,,,,,,,,,,,,,,,,,,,,,,,,,,,,,,,,,,
,,,,,,,,,,,,,,,,,,,,,,,,,,,,,,,,,,,,,,,,
,,,,,,,,,,,,,,,,,,,,,,,,,,,,,,,,,,,,,,,,
,,,,,,,,,,,,,,,,,,,,,,,,,,,,,,,,,,,,,,,,
,,,,,,,,,,,,,,,,,,,,,,,,,,,,,,,,,,,,,,,,
,,,,,,,,,,,,,,,,,,,,,,,,,,,,,,,,,,,,,,,,
,,,,,,,,,,,,,,,,,,,,,,,,,,,,,,,,,,,,,,,,
,,,,,,,,,,,,,,,,,,,,,,,,,,,,,,,,,,,,,,,,
,,,,,,,,,,,,,,,,,,,,,,,,,,,,,,,,,,,,,,,,
,,,,,,,,,,,,,,,,,,,,,,,,,,,,,,,,,,,,,,,,
,,,,,,,,,,,,,,,,,,,,,,,,,,,,,,,,,,,,,,,,
,,,,,,,,,,,,,,,,,,,,,,,,,,,,,,,,,,,,,,,,
,,,,,,,,,,,,,,,,,,,,,,,,,,,,,,,,,,,,,,,,
,,,,,,,,,,,,,,,,,,,,,,,,,,,,,,,,,,,,,,,,
,,,,,,,,,,,,,,,,,,,,,,,,,,,,,,,,,,,,,,,,
,,,,,,,,,,,,,,,,,,,,,,,,,,,,,,,,,,,,,,,,
,,,,,,,,,,,,,,,,,,,,,,,,,,,,,,,,,,,,,,,,
,,,,,,,,,,,,,,,,,,,,,,,,,,,,,,,,,,,,,,,,
,,,,,,,,,,,,,,,,,,,,,,,,,,,,,,,,,,,,,,,,
,,,,,,,,,,,,,,,,,,,,,,,,,,,,,,,,,,,,,,,,
,,,,,,,,,,,,,,,,,,,,,,,,,,,,,,,,,,,,,,,,
,,,,,,,,,,,,,,,,,,,,,,,,,,,,,,,,,,,,,,,,
,,,,,,,,,,,,,,,,,,,,,,,,,,,,,,,,,,,,,,,,
,,,,,,,,,,,,,,,,,,,,,,,,,,,,,,,,,,,,,,,,
,,,,,,,,,,,,,,,,,,,,,,,,,,,,,,,,,,,,,,,,
,,,,,,,,,,,,,,,,,,,,,,,,,,,,,,,,,,,,,,,,
,,,,,,,,,,,,,,,,,,,,,,,,,,,,,,,,,,,,,,,,
,,,,,,,,,,,,,,,,,,,,,,,,,,,,,,,,,,,,,,,,
,,,,,,,,,,,,,,,,,,,,,,,,,,,,,,,,,,,,,,,,
,,,,,,,,,,,,,,,,,,,,,,,,,,,,,,,,,,,,,,,,
,,,,,,,,,,,,,,,,,,,,,,,,,,,,,,,,,,,,,,,,
,,,,,,,,,,,,,,,,,,,,,,,,,,,,,,,,,,,,,,,,
,,,,,,,,,,,,,,,,,,,,,,,,,,,,,,,,,,,,,,,,
,,,,,,,,,,,,,,,,,,,,,,,,,,,,,,,,,,,,,,,,
,,,,,,,,,,,,,,,,,,,,,,,,,,,,,,,,,,,,,,,,
,,,,,,,,,,,,,,,,,,,,,,,,,,,,,,,,,,,,,,,,
,,,,,,,,,,,,,,,,,,,,,,,,,,,,,,,,,,,,,,,,
,,,,,,,,,,,,,,,,,,,,,,,,,,,,,,,,,,,,,,,,
,,,,,,,,,,,,,,,,,,,,,,,,,,,,,,,,,,,,,,,,
,,,,,,,,,,,,,,,,,,,,,,,,,,,,,,,,,,,,,,,,
,,,,,,,,,,,,,,,,,,,,,,,,,,,,,,,,,,,,,,,,
,,,,,,,,,,,,,,,,,,,,,,,,,,,,,,,,,,,,,,,,
,,,,,,,,,,,,,,,,,,,,,,,,,,,,,,,,,,,,,,,,
,,,,,,,,,,,,,,,,,,,,,,,,,,,,,,,,,,,,,,,,
,,,,,,,,,,,,,,,,,,,,,,,,,,,,,,,,,,,,,,,,
,,,,,,,,,,,,,,,,,,,,,,,,,,,,,,,,,,,,,,,,
,,,,,,,,,,,,,,,,,,,,,,,,,,,,,,,,,,,,,,,,
,,,,,,,,,,,,,,,,,,,,,,,,,,,,,,,,,,,,,,,,
,,,,,,,,,,,,,,,,,,,,,,,,,,,,,,,,,,,,,,,,
,,,,,,,,,,,,,,,,,,,,,,,,,,,,,,,,,,,,,,,,
,,,,,,,,,,,,,,,,,,,,,,,,,,,,,,,,,,,,,,,,
,,,,,,,,,,,,,,,,,,,,,,,,,,,,,,,,,,,,,,,,
,,,,,,,,,,,,,,,,,,,,,,,,,,,,,,,,,,,,,,,,
,,,,,,,,,,,,,,,,,,,,,,,,,,,,,,,,,,,,,,,,
,,,,,,,,,,,,,,,,,,,,,,,,,,,,,,,,,,,,,,,,
,,,,,,,,,,,,,,,,,,,,,,,,,,,,,,,,,,,,,,,,
,,,,,,,,,,,,,,,,,,,,,,,,,,,,,,,,,,,,,,,,
,,,,,,,,,,,,,,,,,,,,,,,,,,,,,,,,,,,,,,,,
,,,,,,,,,,,,,,,,,,,,,,,,,,,,,,,,,,,,,,,,
,,,,,,,,,,,,,,,,,,,,,,,,,,,,,,,,,,,,,,,,
,,,,,,,,,,,,,,,,,,,,,,,,,,,,,,,,,,,,,,,,
,,,,,,,,,,,,,,,,,,,,,,,,,,,,,,,,,,,,,,,,
,,,,,,,,,,,,,,,,,,,,,,,,,,,,,,,,,,,,,,,,
,,,,,,,,,,,,,,,,,,,,,,,,,,,,,,,,,,,,,,,,
,,,,,,,,,,,,,,,,,,,,,,,,,,,,,,,,,,,,,,,,
,,,,,,,,,,,,,,,,,,,,,,,,,,,,,,,,,,,,,,,,
,,,,,,,,,,,,,,,,,,,,,,,,,,,,,,,,,,,,,,,,
,,,,,,,,,,,,,,,,,,,,,,,,,,,,,,,,,,,,,,,,
,,,,,,,,,,,,,,,,,,,,,,,,,,,,,,,,,,,,,,,,
,,,,,,,,,,,,,,,,,,,,,,,,,,,,,,,,,,,,,,,,
,,,,,,,,,,,,,,,,,,,,,,,,,,,,,,,,,,,,,,,,
,,,,,,,,,,,,,,,,,,,,,,,,,,,,,,,,,,,,,,,,
,,,,,,,,,,,,,,,,,,,,,,,,,,,,,,,,,,,,,,,,
,,,,,,,,,,,,,,,,,,,,,,,,,,,,,,,,,,,,,,,,
,,,,,,,,,,,,,,,,,,,,,,,,,,,,,,,,,,,,,,,,
,,,,,,,,,,,,,,,,,,,,,,,,,,,,,,,,,,,,,,,,
,,,,,,,,,,,,,,,,,,,,,,,,,,,,,,,,,,,,,,,,
,,,,,,,,,,,,,,,,,,,,,,,,,,,,,,,,,,,,,,,,
,,,,,,,,,,,,,,,,,,,,,,,,,,,,,,,,,,,,,,,,
,,,,,,,,,,,,,,,,,,,,,,,,,,,,,,,,,,,,,,,,
,,,,,,,,,,,,,,,,,,,,,,,,,,,,,,,,,,,,,,,,
,,,,,,,,,,,,,,,,,,,,,,,,,,,,,,,,,,,,,,,,
,,,,,,,,,,,,,,,,,,,,,,,,,,,,,,,,,,,,,,,,
,,,,,,,,,,,,,,,,,,,,,,,,,,,,,,,,,,,,,,,,
,,,,,,,,,,,,,,,,,,,,,,,,,,,,,,,,,,,,,,,,
,,,,,,,,,,,,,,,,,,,,,,,,,,,,,,,,,,,,,,,,
,,,,,,,,,,,,,,,,,,,,,,,,,,,,,,,,,,,,,,,,
,,,,,,,,,,,,,,,,,,,,,,,,,,,,,,,,,,,,,,,,
,,,,,,,,,,,,,,,,,,,,,,,,,,,,,,,,,,,,,,,,
,,,,,,,,,,,,,,,,,,,,,,,,,,,,,,,,,,,,,,,,
,,,,,,,,,,,,,,,,,,,,,,,,,,,,,,,,,,,,,,,,
,,,,,,,,,,,,,,,,,,,,,,,,,,,,,,,,,,,,,,,,
,,,,,,,,,,,,,,,,,,,,,,,,,,,,,,,,,,,,,,,,
,,,,,,,,,,,,,,,,,,,,,,,,,,,,,,,,,,,,,,,,
,,,,,,,,,,,,,,,,,,,,,,,,,,,,,,,,,,,,,,,,
,,,,,,,,,,,,,,,,,,,,,,,,,,,,,,,,,,,,,,,,
,,,,,,,,,,,,,,,,,,,,,,,,,,,,,,,,,,,,,,,,
,,,,,,,,,,,,,,,,,,,,,,,,,,,,,,,,,,,,,,,,
,,,,,,,,,,,,,,,,,,,,,,,,,,,,,,,,,,,,,,,,
,,,,,,,,,,,,,,,,,,,,,,,,,,,,,,,,,,,,,,,,
,,,,,,,,,,,,,,,,,,,,,,,,,,,,,,,,,,,,,,,,
,,,,,,,,,,,,,,,,,,,,,,,,,,,,,,,,,,,,,,,,
,,,,,,,,,,,,,,,,,,,,,,,,,,,,,,,,,,,,,,,,
,,,,,,,,,,,,,,,,,,,,,,,,,,,,,,,,,,,,,,,,
,,,,,,,,,,,,,,,,,,,,,,,,,,,,,,,,,,,,,,,,
,,,,,,,,,,,,,,,,,,,,,,,,,,,,,,,,,,,,,,,,
,,,,,,,,,,,,,,,,,,,,,,,,,,,,,,,,,,,,,,,,
,,,,,,,,,,,,,,,,,,,,,,,,,,,,,,,,,,,,,,,,
,,,,,,,,,,,,,,,,,,,,,,,,,,,,,,,,,,,,,,,,
,,,,,,,,,,,,,,,,,,,,,,,,,,,,,,,,,,,,,,,,
,,,,,,,,,,,,,,,,,,,,,,,,,,,,,,,,,,,,,,,,
,,,,,,,,,,,,,,,,,,,,,,,,,,,,,,,,,,,,,,,,
,,,,,,,,,,,,,,,,,,,,,,,,,,,,,,,,,,,,,,,,
,,,,,,,,,,,,,,,,,,,,,,,,,,,,,,,,,,,,,,,,
,,,,,,,,,,,,,,,,,,,,,,,,,,,,,,,,,,,,,,,,
,,,,,,,,,,,,,,,,,,,,,,,,,,,,,,,,,,,,,,,,
,,,,,,,,,,,,,,,,,,,,,,,,,,,,,,,,,,,,,,,,
,,,,,,,,,,,,,,,,,,,,,,,,,,,,,,,,,,,,,,,,
,,,,,,,,,,,,,,,,,,,,,,,,,,,,,,,,,,,,,,,,
,,,,,,,,,,,,,,,,,,,,,,,,,,,,,,,,,,,,,,,,
,,,,,,,,,,,,,,,,,,,,,,,,,,,,,,,,,,,,,,,,
,,,,,,,,,,,,,,,,,,,,,,,,,,,,,,,,,,,,,,,,
,,,,,,,,,,,,,,,,,,,,,,,,,,,,,,,,,,,,,,,,
,,,,,,,,,,,,,,,,,,,,,,,,,,,,,,,,,,,,,,,,
,,,,,,,,,,,,,,,,,,,,,,,,,,,,,,,,,,,,,,,,
,,,,,,,,,,,,,,,,,,,,,,,,,,,,,,,,,,,,,,,,
,,,,,,,,,,,,,,,,,,,,,,,,,,,,,,,,,,,,,,,,
,,,,,,,,,,,,,,,,,,,,,,,,,,,,,,,,,,,,,,,,
,,,,,,,,,,,,,,,,,,,,,,,,,,,,,,,,,,,,,,,,
,,,,,,,,,,,,,,,,,,,,,,,,,,,,,,,,,,,,,,,,
,,,,,,,,,,,,,,,,,,,,,,,,,,,,,,,,,,,,,,,,
,,,,,,,,,,,,,,,,,,,,,,,,,,,,,,,,,,,,,,,,
,,,,,,,,,,,,,,,,,,,,,,,,,,,,,,,,,,,,,,,,
,,,,,,,,,,,,,,,,,,,,,,,,,,,,,,,,,,,,,,,,
,,,,,,,,,,,,,,,,,,,,,,,,,,,,,,,,,,,,,,,,
,,,,,,,,,,,,,,,,,,,,,,,,,,,,,,,,,,,,,,,,
,,,,,,,,,,,,,,,,,,,,,,,,,,,,,,,,,,,,,,,,
,,,,,,,,,,,,,,,,,,,,,,,,,,,,,,,,,,,,,,,,
,,,,,,,,,,,,,,,,,,,,,,,,,,,,,,,,,,,,,,,,
,,,,,,,,,,,,,,,,,,,,,,,,,,,,,,,,,,,,,,,,
,,,,,,,,,,,,,,,,,,,,,,,,,,,,,,,,,,,,,,,,
,,,,,,,,,,,,,,,,,,,,,,,,,,,,,,,,,,,,,,,,
,,,,,,,,,,,,,,,,,,,,,,,,,,,,,,,,,,,,,,,,
,,,,,,,,,,,,,,,,,,,,,,,,,,,,,,,,,,,,,,,,
,,,,,,,,,,,,,,,,,,,,,,,,,,,,,,,,,,,,,,,,
,,,,,,,,,,,,,,,,,,,,,,,,,,,,,,,,,,,,,,,,
,,,,,,,,,,,,,,,,,,,,,,,,,,,,,,,,,,,,,,,,
,,,,,,,,,,,,,,,,,,,,,,,,,,,,,,,,,,,,,,,,
,,,,,,,,,,,,,,,,,,,,,,,,,,,,,,,,,,,,,,,,
,,,,,,,,,,,,,,,,,,,,,,,,,,,,,,,,,,,,,,,,
,,,,,,,,,,,,,,,,,,,,,,,,,,,,,,,,,,,,,,,,
,,,,,,,,,,,,,,,,,,,,,,,,,,,,,,,,,,,,,,,,
,,,,,,,,,,,,,,,,,,,,,,,,,,,,,,,,,,,,,,,,
,,,,,,,,,,,,,,,,,,,,,,,,,,,,,,,,,,,,,,,,
,,,,,,,,,,,,,,,,,,,,,,,,,,,,,,,,,,,,,,,,
,,,,,,,,,,,,,,,,,,,,,,,,,,,,,,,,,,,,,,,,
,,,,,,,,,,,,,,,,,,,,,,,,,,,,,,,,,,,,,,,,
,,,,,,,,,,,,,,,,,,,,,,,,,,,,,,,,,,,,,,,,
,,,,,,,,,,,,,,,,,,,,,,,,,,,,,,,,,,,,,,,,
,,,,,,,,,,,,,,,,,,,,,,,,,,,,,,,,,,,,,,,,
,,,,,,,,,,,,,,,,,,,,,,,,,,,,,,,,,,,,,,,,
,,,,,,,,,,,,,,,,,,,,,,,,,,,,,,,,,,,,,,,,
,,,,,,,,,,,,,,,,,,,,,,,,,,,,,,,,,,,,,,,,
,,,,,,,,,,,,,,,,,,,,,,,,,,,,,,,,,,,,,,,,
,,,,,,,,,,,,,,,,,,,,,,,,,,,,,,,,,,,,,,,,
,,,,,,,,,,,,,,,,,,,,,,,,,,,,,,,,,,,,,,,,
,,,,,,,,,,,,,,,,,,,,,,,,,,,,,,,,,,,,,,,,
,,,,,,,,,,,,,,,,,,,,,,,,,,,,,,,,,,,,,,,,
,,,,,,,,,,,,,,,,,,,,,,,,,,,,,,,,,,,,,,,,
,,,,,,,,,,,,,,,,,,,,,,,,,,,,,,,,,,,,,,,,
,,,,,,,,,,,,,,,,,,,,,,,,,,,,,,,,,,,,,,,,
,,,,,,,,,,,,,,,,,,,,,,,,,,,,,,,,,,,,,,,,
,,,,,,,,,,,,,,,,,,,,,,,,,,,,,,,,,,,,,,,,
,,,,,,,,,,,,,,,,,,,,,,,,,,,,,,,,,,,,,,,,
,,,,,,,,,,,,,,,,,,,,,,,,,,,,,,,,,,,,,,,,
,,,,,,,,,,,,,,,,,,,,,,,,,,,,,,,,,,,,,,,,
,,,,,,,,,,,,,,,,,,,,,,,,,,,,,,,,,,,,,,,,
,,,,,,,,,,,,,,,,,,,,,,,,,,,,,,,,,,,,,,,,
,,,,,,,,,,,,,,,,,,,,,,,,,,,,,,,,,,,,,,,,
,,,,,,,,,,,,,,,,,,,,,,,,,,,,,,,,,,,,,,,,
,,,,,,,,,,,,,,,,,,,,,,,,,,,,,,,,,,,,,,,,
,,,,,,,,,,,,,,,,,,,,,,,,,,,,,,,,,,,,,,,,
,,,,,,,,,,,,,,,,,,,,,,,,,,,,,,,,,,,,,,,,
,,,,,,,,,,,,,,,,,,,,,,,,,,,,,,,,,,,,,,,,
,,,,,,,,,,,,,,,,,,,,,,,,,,,,,,,,,,,,,,,,
,,,,,,,,,,,,,,,,,,,,,,,,,,,,,,,,,,,,,,,,
,,,,,,,,,,,,,,,,,,,,,,,,,,,,,,,,,,,,,,,,
,,,,,,,,,,,,,,,,,,,,,,,,,,,,,,,,,,,,,,,,
,,,,,,,,,,,,,,,,,,,,,,,,,,,,,,,,,,,,,,,,
,,,,,,,,,,,,,,,,,,,,,,,,,,,,,,,,,,,,,,,,
,,,,,,,,,,,,,,,,,,,,,,,,,,,,,,,,,,,,,,,,
,,,,,,,,,,,,,,,,,,,,,,,,,,,,,,,,,,,,,,,,
,,,,,,,,,,,,,,,,,,,,,,,,,,,,,,,,,,,,,,,,
,,,,,,,,,,,,,,,,,,,,,,,,,,,,,,,,,,,,,,,,
,,,,,,,,,,,,,,,,,,,,,,,,,,,,,,,,,,,,,,,,
,,,,,,,,,,,,,,,,,,,,,,,,,,,,,,,,,,,,,,,,
,,,,,,,,,,,,,,,,,,,,,,,,,,,,,,,,,,,,,,,,
,,,,,,,,,,,,,,,,,,,,,,,,,,,,,,,,,,,,,,,,
,,,,,,,,,,,,,,,,,,,,,,,,,,,,,,,,,,,,,,,,
,,,,,,,,,,,,,,,,,,,,,,,,,,,,,,,,,,,,,,,,
,,,,,,,,,,,,,,,,,,,,,,,,,,,,,,,,,,,,,,,,
,,,,,,,,,,,,,,,,,,,,,,,,,,,,,,,,,,,,,,,,
,,,,,,,,,,,,,,,,,,,,,,,,,,,,,,,,,,,,,,,,
,,,,,,,,,,,,,,,,,,,,,,,,,,,,,,,,,,,,,,,,
,,,,,,,,,,,,,,,,,,,,,,,,,,,,,,,,,,,,,,,,
,,,,,,,,,,,,,,,,,,,,,,,,,,,,,,,,,,,,,,,,
,,,,,,,,,,,,,,,,,,,,,,,,,,,,,,,,,,,,,,,,
,,,,,,,,,,,,,,,,,,,,,,,,,,,,,,,,,,,,,,,,
,,,,,,,,,,,,,,,,,,,,,,,,,,,,,,,,,,,,,,,,
,,,,,,,,,,,,,,,,,,,,,,,,,,,,,,,,,,,,,,,,
,,,,,,,,,,,,,,,,,,,,,,,,,,,,,,,,,,,,,,,,
,,,,,,,,,,,,,,,,,,,,,,,,,,,,,,,,,,,,,,,,
,,,,,,,,,,,,,,,,,,,,,,,,,,,,,,,,,,,,,,,,
,,,,,,,,,,,,,,,,,,,,,,,,,,,,,,,,,,,,,,,,
,,,,,,,,,,,,,,,,,,,,,,,,,,,,,,,,,,,,,,,,
,,,,,,,,,,,,,,,,,,,,,,,,,,,,,,,,,,,,,,,,
,,,,,,,,,,,,,,,,,,,,,,,,,,,,,,,,,,,,,,,,
,,,,,,,,,,,,,,,,,,,,,,,,,,,,,,,,,,,,,,,,
,,,,,,,,,,,,,,,,,,,,,,,,,,,,,,,,,,,,,,,,
,,,,,,,,,,,,,,,,,,,,,,,,,,,,,,,,,,,,,,,,
,,,,,,,,,,,,,,,,,,,,,,,,,,,,,,,,,,,,,,,,
,,,,,,,,,,,,,,,,,,,,,,,,,,,,,,,,,,,,,,,,
,,,,,,,,,,,,,,,,,,,,,,,,,,,,,,,,,,,,,,,,
,,,,,,,,,,,,,,,,,,,,,,,,,,,,,,,,,,,,,,,,
,,,,,,,,,,,,,,,,,,,,,,,,,,,,,,,,,,,,,,,,
,,,,,,,,,,,,,,,,,,,,,,,,,,,,,,,,,,,,,,,,
,,,,,,,,,,,,,,,,,,,,,,,,,,,,,,,,,,,,,,,,
,,,,,,,,,,,,,,,,,,,,,,,,,,,,,,,,,,,,,,,,
,,,,,,,,,,,,,,,,,,,,,,,,,,,,,,,,,,,,,,,,
,,,,,,,,,,,,,,,,,,,,,,,,,,,,,,,,,,,,,,,,
,,,,,,,,,,,,,,,,,,,,,,,,,,,,,,,,,,,,,,,,
,,,,,,,,,,,,,,,,,,,,,,,,,,,,,,,,,,,,,,,,
,,,,,,,,,,,,,,,,,,,,,,,,,,,,,,,,,,,,,,,,
,,,,,,,,,,,,,,,,,,,,,,,,,,,,,,,,,,,,,,,,
,,,,,,,,,,,,,,,,,,,,,,,,,,,,,,,,,,,,,,,,
,,,,,,,,,,,,,,,,,,,,,,,,,,,,,,,,,,,,,,,,
,,,,,,,,,,,,,,,,,,,,,,,,,,,,,,,,,,,,,,,,
,,,,,,,,,,,,,,,,,,,,,,,,,,,,,,,,,,,,,,,,
,,,,,,,,,,,,,,,,,,,,,,,,,,,,,,,,,,,,,,,,
,,,,,,,,,,,,,,,,,,,,,,,,,,,,,,,,,,,,,,,,
,,,,,,,,,,,,,,,,,,,,,,,,,,,,,,,,,,,,,,,,
,,,,,,,,,,,,,,,,,,,,,,,,,,,,,,,,,,,,,,,,
,,,,,,,,,,,,,,,,,,,,,,,,,,,,,,,,,,,,,,,,
,,,,,,,,,,,,,,,,,,,,,,,,,,,,,,,,,,,,,,,,
,,,,,,,,,,,,,,,,,,,,,,,,,,,,,,,,,,,,,,,,
,,,,,,,,,,,,,,,,,,,,,,,,,,,,,,,,,,,,,,,,
,,,,,,,,,,,,,,,,,,,,,,,,,,,,,,,,,,,,,,,,
,,,,,,,,,,,,,,,,,,,,,,,,,,,,,,,,,,,,,,,,
,,,,,,,,,,,,,,,,,,,,,,,,,,,,,,,,,,,,,,,,
,,,,,,,,,,,,,,,,,,,,,,,,,,,,,,,,,,,,,,,,
,,,,,,,,,,,,,,,,,,,,,,,,,,,,,,,,,,,,,,,,
,,,,,,,,,,,,,,,,,,,,,,,,,,,,,,,,,,,,,,,,
,,,,,,,,,,,,,,,,,,,,,,,,,,,,,,,,,,,,,,,,
,,,,,,,,,,,,,,,,,,,,,,,,,,,,,,,,,,,,,,,,
,,,,,,,,,,,,,,,,,,,,,,,,,,,,,,,,,,,,,,,,
,,,,,,,,,,,,,,,,,,,,,,,,,,,,,,,,,,,,,,,,
,,,,,,,,,,,,,,,,,,,,,,,,,,,,,,,,,,,,,,,,
,,,,,,,,,,,,,,,,,,,,,,,,,,,,,,,,,,,,,,,,
,,,,,,,,,,,,,,,,,,,,,,,,,,,,,,,,,,,,,,,,
,,,,,,,,,,,,,,,,,,,,,,,,,,,,,,,,,,,,,,,,
,,,,,,,,,,,,,,,,,,,,,,,,,,,,,,,,,,,,,,,,
,,,,,,,,,,,,,,,,,,,,,,,,,,,,,,,,,,,,,,,,
,,,,,,,,,,,,,,,,,,,,,,,,,,,,,,,,,,,,,,,,
,,,,,,,,,,,,,,,,,,,,,,,,,,,,,,,,,,,,,,,,
,,,,,,,,,,,,,,,,,,,,,,,,,,,,,,,,,,,,,,,,
,,,,,,,,,,,,,,,,,,,,,,,,,,,,,,,,,,,,,,,,
,,,,,,,,,,,,,,,,,,,,,,,,,,,,,,,,,,,,,,,,
,,,,,,,,,,,,,,,,,,,,,,,,,,,,,,,,,,,,,,,,
,,,,,,,,,,,,,,,,,,,,,,,,,,,,,,,,,,,,,,,,
,,,,,,,,,,,,,,,,,,,,,,,,,,,,,,,,,,,,,,,,
,,,,,,,,,,,,,,,,,,,,,,,,,,,,,,,,,,,,,,,,
,,,,,,,,,,,,,,,,,,,,,,,,,,,,,,,,,,,,,,,,
,,,,,,,,,,,,,,,,,,,,,,,,,,,,,,,,,,,,,,,,
,,,,,,,,,,,,,,,,,,,,,,,,,,,,,,,,,,,,,,,,
,,,,,,,,,,,,,,,,,,,,,,,,,,,,,,,,,,,,,,,,
,,,,,,,,,,,,,,,,,,,,,,,,,,,,,,,,,,,,,,,,
,,,,,,,,,,,,,,,,,,,,,,,,,,,,,,,,,,,,,,,,
,,,,,,,,,,,,,,,,,,,,,,,,,,,,,,,,,,,,,,,,
,,,,,,,,,,,,,,,,,,,,,,,,,,,,,,,,,,,,,,,,
,,,,,,,,,,,,,,,,,,,,,,,,,,,,,,,,,,,,,,,,
,,,,,,,,,,,,,,,,,,,,,,,,,,,,,,,,,,,,,,,,
,,,,,,,,,,,,,,,,,,,,,,,,,,,,,,,,,,,,,,,,
,,,,,,,,,,,,,,,,,,,,,,,,,,,,,,,,,,,,,,,,
,,,,,,,,,,,,,,,,,,,,,,,,,,,,,,,,,,,,,,,,
,,,,,,,,,,,,,,,,,,,,,,,,,,,,,,,,,,,,,,,,
,,,,,,,,,,,,,,,,,,,,,,,,,,,,,,,,,,,,,,,,
,,,,,,,,,,,,,,,,,,,,,,,,,,,,,,,,,,,,,,,,
,,,,,,,,,,,,,,,,,,,,,,,,,,,,,,,,,,,,,,,,
,,,,,,,,,,,,,,,,,,,,,,,,,,,,,,,,,,,,,,,,
,,,,,,,,,,,,,,,,,,,,,,,,,,,,,,,,,,,,,,,,
,,,,,,,,,,,,,,,,,,,,,,,,,,,,,,,,,,,,,,,,
,,,,,,,,,,,,,,,,,,,,,,,,,,,,,,,,,,,,,,,,
,,,,,,,,,,,,,,,,,,,,,,,,,,,,,,,,,,,,,,,,
,,,,,,,,,,,,,,,,,,,,,,,,,,,,,,,,,,,,,,,,
,,,,,,,,,,,,,,,,,,,,,,,,,,,,,,,,,,,,,,,,
,,,,,,,,,,,,,,,,,,,,,,,,,,,,,,,,,,,,,,,,
,,,,,,,,,,,,,,,,,,,,,,,,,,,,,,,,,,,,,,,,
,,,,,,,,,,,,,,,,,,,,,,,,,,,,,,,,,,,,,,,,
,,,,,,,,,,,,,,,,,,,,,,,,,,,,,,,,,,,,,,,,
,,,,,,,,,,,,,,,,,,,,,,,,,,,,,,,,,,,,,,,,
,,,,,,,,,,,,,,,,,,,,,,,,,,,,,,,,,,,,,,,,
,,,,,,,,,,,,,,,,,,,,,,,,,,,,,,,,,,,,,,,,
,,,,,,,,,,,,,,,,,,,,,,,,,,,,,,,,,,,,,,,,
,,,,,,,,,,,,,,,,,,,,,,,,,,,,,,,,,,,,,,,,
,,,,,,,,,,,,,,,,,,,,,,,,,,,,,,,,,,,,,,,,
,,,,,,,,,,,,,,,,,,,,,,,,,,,,,,,,,,,,,,,,
,,,,,,,,,,,,,,,,,,,,,,,,,,,,,,,,,,,,,,,,
,,,,,,,,,,,,,,,,,,,,,,,,,,,,,,,,,,,,,,,,
,,,,,,,,,,,,,,,,,,,,,,,,,,,,,,,,,,,,,,,,
,,,,,,,,,,,,,,,,,,,,,,,,,,,,,,,,,,,,,,,,
,,,,,,,,,,,,,,,,,,,,,,,,,,,,,,,,,,,,,,,,
,,,,,,,,,,,,,,,,,,,,,,,,,,,,,,,,,,,,,,,,
,,,,,,,,,,,,,,,,,,,,,,,,,,,,,,,,,,,,,,,,
,,,,,,,,,,,,,,,,,,,,,,,,,,,,,,,,,,,,,,,,
,,,,,,,,,,,,,,,,,,,,,,,,,,,,,,,,,,,,,,,,
,,,,,,,,,,,,,,,,,,,,,,,,,,,,,,,,,,,,,,,,
,,,,,,,,,,,,,,,,,,,,,,,,,,,,,,,,,,,,,,,,
,,,,,,,,,,,,,,,,,,,,,,,,,,,,,,,,,,,,,,,,
,,,,,,,,,,,,,,,,,,,,,,,,,,,,,,,,,,,,,,,,
,,,,,,,,,,,,,,,,,,,,,,,,,,,,,,,,,,,,,,,,
,,,,,,,,,,,,,,,,,,,,,,,,,,,,,,,,,,,,,,,,
,,,,,,,,,,,,,,,,,,,,,,,,,,,,,,,,,,,,,,,,
,,,,,,,,,,,,,,,,,,,,,,,,,,,,,,,,,,,,,,,,
,,,,,,,,,,,,,,,,,,,,,,,,,,,,,,,,,,,,,,,,
,,,,,,,,,,,,,,,,,,,,,,,,,,,,,,,,,,,,,,,,
,,,,,,,,,,,,,,,,,,,,,,,,,,,,,,,,,,,,,,,,
,,,,,,,,,,,,,,,,,,,,,,,,,,,,,,,,,,,,,,,,
,,,,,,,,,,,,,,,,,,,,,,,,,,,,,,,,,,,,,,,,
,,,,,,,,,,,,,,,,,,,,,,,,,,,,,,,,,,,,,,,,
,,,,,,,,,,,,,,,,,,,,,,,,,,,,,,,,,,,,,,,,
,,,,,,,,,,,,,,,,,,,,,,,,,,,,,,,,,,,,,,,,
,,,,,,,,,,,,,,,,,,,,,,,,,,,,,,,,,,,,,,,,
,,,,,,,,,,,,,,,,,,,,,,,,,,,,,,,,,,,,,,,,
,,,,,,,,,,,,,,,,,,,,,,,,,,,,,,,,,,,,,,,,
,,,,,,,,,,,,,,,,,,,,,,,,,,,,,,,,,,,,,,,,
,,,,,,,,,,,,,,,,,,,,,,,,,,,,,,,,,,,,,,,,
,,,,,,,,,,,,,,,,,,,,,,,,,,,,,,,,,,,,,,,,
,,,,,,,,,,,,,,,,,,,,,,,,,,,,,,,,,,,,,,,,
,,,,,,,,,,,,,,,,,,,,,,,,,,,,,,,,,,,,,,,,
,,,,,,,,,,,,,,,,,,,,,,,,,,,,,,,,,,,,,,,,
,,,,,,,,,,,,,,,,,,,,,,,,,,,,,,,,,,,,,,,,
,,,,,,,,,,,,,,,,,,,,,,,,,,,,,,,,,,,,,,,,
,,,,,,,,,,,,,,,,,,,,,,,,,,,,,,,,,,,,,,,,
,,,,,,,,,,,,,,,,,,,,,,,,,,,,,,,,,,,,,,,,
,,,,,,,,,,,,,,,,,,,,,,,,,,,,,,,,,,,,,,,,
,,,,,,,,,,,,,,,,,,,,,,,,,,,,,,,,,,,,,,,,
,,,,,,,,,,,,,,,,,,,,,,,,,,,,,,,,,,,,,,,,
,,,,,,,,,,,,,,,,,,,,,,,,,,,,,,,,,,,,,,,,
,,,,,,,,,,,,,,,,,,,,,,,,,,,,,,,,,,,,,,,,
,,,,,,,,,,,,,,,,,,,,,,,,,,,,,,,,,,,,,,,,
,,,,,,,,,,,,,,,,,,,,,,,,,,,,,,,,,,,,,,,,
,,,,,,,,,,,,,,,,,,,,,,,,,,,,,,,,,,,,,,,,
,,,,,,,,,,,,,,,,,,,,,,,,,,,,,,,,,,,,,,,,
,,,,,,,,,,,,,,,,,,,,,,,,,,,,,,,,,,,,,,,,
,,,,,,,,,,,,,,,,,,,,,,,,,,,,,,,,,,,,,,,,
,,,,,,,,,,,,,,,,,,,,,,,,,,,,,,,,,,,,,,,,
,,,,,,,,,,,,,,,,,,,,,,,,,,,,,,,,,,,,,,,,
,,,,,,,,,,,,,,,,,,,,,,,,,,,,,,,,,,,,,,,,
,,,,,,,,,,,,,,,,,,,,,,,,,,,,,,,,,,,,,,,,
,,,,,,,,,,,,,,,,,,,,,,,,,,,,,,,,,,,,,,,,
,,,,,,,,,,,,,,,,,,,,,,,,,,,,,,,,,,,,,,,,
,,,,,,,,,,,,,,,,,,,,,,,,,,,,,,,,,,,,,,,,
,,,,,,,,,,,,,,,,,,,,,,,,,,,,,,,,,,,,,,,,
,,,,,,,,,,,,,,,,,,,,,,,,,,,,,,,,,,,,,,,,
,,,,,,,,,,,,,,,,,,,,,,,,,,,,,,,,,,,,,,,,
,,,,,,,,,,,,,,,,,,,,,,,,,,,,,,,,,,,,,,,,
,,,,,,,,,,,,,,,,,,,,,,,,,,,,,,,,,,,,,,,,
,,,,,,,,,,,,,,,,,,,,,,,,,,,,,,,,,,,,,,,,
,,,,,,,,,,,,,,,,,,,,,,,,,,,,,,,,,,,,,,,,
,,,,,,,,,,,,,,,,,,,,,,,,,,,,,,,,,,,,,,,,
,,,,,,,,,,,,,,,,,,,,,,,,,,,,,,,,,,,,,,,,
,,,,,,,,,,,,,,,,,,,,,,,,,,,,,,,,,,,,,,,,
,,,,,,,,,,,,,,,,,,,,,,,,,,,,,,,,,,,,,,,,
,,,,,,,,,,,,,,,,,,,,,,,,,,,,,,,,,,,,,,,,
,,,,,,,,,,,,,,,,,,,,,,,,,,,,,,,,,,,,,,,,
,,,,,,,,,,,,,,,,,,,,,,,,,,,,,,,,,,,,,,,,
,,,,,,,,,,,,,,,,,,,,,,,,,,,,,,,,,,,,,,,,
,,,,,,,,,,,,,,,,,,,,,,,,,,,,,,,,,,,,,,,,
,,,,,,,,,,,,,,,,,,,,,,,,,,,,,,,,,,,,,,,,
,,,,,,,,,,,,,,,,,,,,,,,,,,,,,,,,,,,,,,,,
,,,,,,,,,,,,,,,,,,,,,,,,,,,,,,,,,,,,,,,,
,,,,,,,,,,,,,,,,,,,,,,,,,,,,,,,,,,,,,,,,
,,,,,,,,,,,,,,,,,,,,,,,,,,,,,,,,,,,,,,,,
,,,,,,,,,,,,,,,,,,,,,,,,,,,,,,,,,,,,,,,,
,,,,,,,,,,,,,,,,,,,,,,,,,,,,,,,,,,,,,,,,
,,,,,,,,,,,,,,,,,,,,,,,,,,,,,,,,,,,,,,,,
,,,,,,,,,,,,,,,,,,,,,,,,,,,,,,,,,,,,,,,,
,,,,,,,,,,,,,,,,,,,,,,,,,,,,,,,,,,,,,,,,
,,,,,,,,,,,,,,,,,,,,,,,,,,,,,,,,,,,,,,,,
,,,,,,,,,,,,,,,,,,,,,,,,,,,,,,,,,,,,,,,,
,,,,,,,,,,,,,,,,,,,,,,,,,,,,,,,,,,,,,,,,
,,,,,,,,,,,,,,,,,,,,,,,,,,,,,,,,,,,,,,,,
,,,,,,,,,,,,,,,,,,,,,,,,,,,,,,,,,,,,,,,,
,,,,,,,,,,,,,,,,,,,,,,,,,,,,,,,,,,,,,,,,
,,,,,,,,,,,,,,,,,,,,,,,,,,,,,,,,,,,,,,,,
,,,,,,,,,,,,,,,,,,,,,,,,,,,,,,,,,,,,,,,,
,,,,,,,,,,,,,,,,,,,,,,,,,,,,,,,,,,,,,,,,
,,,,,,,,,,,,,,,,,,,,,,,,,,,,,,,,,,,,,,,,
,,,,,,,,,,,,,,,,,,,,,,,,,,,,,,,,,,,,,,,,
,,,,,,,,,,,,,,,,,,,,,,,,,,,,,,,,,,,,,,,,
,,,,,,,,,,,,,,,,,,,,,,,,,,,,,,,,,,,,,,,,
,,,,,,,,,,,,,,,,,,,,,,,,,,,,,,,,,,,,,,,,
,,,,,,,,,,,,,,,,,,,,,,,,,,,,,,,,,,,,,,,,
,,,,,,,,,,,,,,,,,,,,,,,,,,,,,,,,,,,,,,,,
,,,,,,,,,,,,,,,,,,,,,,,,,,,,,,,,,,,,,,,,
,,,,,,,,,,,,,,,,,,,,,,,,,,,,,,,,,,,,,,,,
,,,,,,,,,,,,,,,,,,,,,,,,,,,,,,,,,,,,,,,,
,,,,,,,,,,,,,,,,,,,,,,,,,,,,,,,,,,,,,,,,
,,,,,,,,,,,,,,,,,,,,,,,,,,,,,,,,,,,,,,,,
,,,,,,,,,,,,,,,,,,,,,,,,,,,,,,,,,,,,,,,,
,,,,,,,,,,,,,,,,,,,,,,,,,,,,,,,,,,,,,,,,
,,,,,,,,,,,,,,,,,,,,,,,,,,,,,,,,,,,,,,,,
,,,,,,,,,,,,,,,,,,,,,,,,,,,,,,,,,,,,,,,,
,,,,,,,,,,,,,,,,,,,,,,,,,,,,,,,,,,,,,,,,
,,,,,,,,,,,,,,,,,,,,,,,,,,,,,,,,,,,,,,,,
,,,,,,,,,,,,,,,,,,,,,,,,,,,,,,,,,,,,,,,,
,,,,,,,,,,,,,,,,,,,,,,,,,,,,,,,,,,,,,,,,
,,,,,,,,,,,,,,,,,,,,,,,,,,,,,,,,,,,,,,,,
,,,,,,,,,,,,,,,,,,,,,,,,,,,,,,,,,,,,,,,,
,,,,,,,,,,,,,,,,,,,,,,,,,,,,,,,,,,,,,,,,
,,,,,,,,,,,,,,,,,,,,,,,,,,,,,,,,,,,,,,,,
,,,,,,,,,,,,,,,,,,,,,,,,,,,,,,,,,,,,,,,,
,,,,,,,,,,,,,,,,,,,,,,,,,,,,,,,,,,,,,,,,
,,,,,,,,,,,,,,,,,,,,,,,,,,,,,,,,,,,,,,,,
,,,,,,,,,,,,,,,,,,,,,,,,,,,,,,,,,,,,,,,,
,,,,,,,,,,,,,,,,,,,,,,,,,,,,,,,,,,,,,,,,
,,,,,,,,,,,,,,,,,,,,,,,,,,,,,,,,,,,,,,,,
,,,,,,,,,,,,,,,,,,,,,,,,,,,,,,,,,,,,,,,,
,,,,,,,,,,,,,,,,,,,,,,,,,,,,,,,,,,,,,,,,
,,,,,,,,,,,,,,,,,,,,,,,,,,,,,,,,,,,,,,,,
,,,,,,,,,,,,,,,,,,,,,,,,,,,,,,,,,,,,,,,,
,,,,,,,,,,,,,,,,,,,,,,,,,,,,,,,,,,,,,,,,
,,,,,,,,,,,,,,,,,,,,,,,,,,,,,,,,,,,,,,,,
,,,,,,,,,,,,,,,,,,,,,,,,,,,,,,,,,,,,,,,,
,,,,,,,,,,,,,,,,,,,,,,,,,,,,,,,,,,,,,,,,
,,,,,,,,,,,,,,,,,,,,,,,,,,,,,,,,,,,,,,,,
,,,,,,,,,,,,,,,,,,,,,,,,,,,,,,,,,,,,,,,,
,,,,,,,,,,,,,,,,,,,,,,,,,,,,,,,,,,,,,,,,
,,,,,,,,,,,,,,,,,,,,,,,,,,,,,,,,,,,,,,,,
,,,,,,,,,,,,,,,,,,,,,,,,,,,,,,,,,,,,,,,,
,,,,,,,,,,,,,,,,,,,,,,,,,,,,,,,,,,,,,,,,
,,,,,,,,,,,,,,,,,,,,,,,,,,,,,,,,,,,,,,,,
,,,,,,,,,,,,,,,,,,,,,,,,,,,,,,,,,,,,,,,,
,,,,,,,,,,,,,,,,,,,,,,,,,,,,,,,,,,,,,,,,
,,,,,,,,,,,,,,,,,,,,,,,,,,,,,,,,,,,,,,,,
,,,,,,,,,,,,,,,,,,,,,,,,,,,,,,,,,,,,,,,,
,,,,,,,,,,,,,,,,,,,,,,,,,,,,,,,,,,,,,,,,
,,,,,,,,,,,,,,,,,,,,,,,,,,,,,,,,,,,,,,,,
,,,,,,,,,,,,,,,,,,,,,,,,,,,,,,,,,,,,,,,,
,,,,,,,,,,,,,,,,,,,,,,,,,,,,,,,,,,,,,,,,
,,,,,,,,,,,,,,,,,,,,,,,,,,,,,,,,,,,,,,,,
,,,,,,,,,,,,,,,,,,,,,,,,,,,,,,,,,,,,,,,,
,,,,,,,,,,,,,,,,,,,,,,,,,,,,,,,,,,,,,,,,
,,,,,,,,,,,,,,,,,,,,,,,,,,,,,,,,,,,,,,,,
,,,,,,,,,,,,,,,,,,,,,,,,,,,,,,,,,,,,,,,,
,,,,,,,,,,,,,,,,,,,,,,,,,,,,,,,,,,,,,,,,
,,,,,,,,,,,,,,,,,,,,,,,,,,,,,,,,,,,,,,,,
,,,,,,,,,,,,,,,,,,,,,,,,,,,,,,,,,,,,,,,,
,,,,,,,,,,,,,,,,,,,,,,,,,,,,,,,,,,,,,,,,
,,,,,,,,,,,,,,,,,,,,,,,,,,,,,,,,,,,,,,,,
,,,,,,,,,,,,,,,,,,,,,,,,,,,,,,,,,,,,,,,,
,,,,,,,,,,,,,,,,,,,,,,,,,,,,,,,,,,,,,,,,
,,,,,,,,,,,,,,,,,,,,,,,,,,,,,,,,,,,,,,,,
,,,,,,,,,,,,,,,,,,,,,,,,,,,,,,,,,,,,,,,,
,,,,,,,,,,,,,,,,,,,,,,,,,,,,,,,,,,,,,,,,
,,,,,,,,,,,,,,,,,,,,,,,,,,,,,,,,,,,,,,,,
,,,,,,,,,,,,,,,,,,,,,,,,,,,,,,,,,,,,,,,,
,,,,,,,,,,,,,,,,,,,,,,,,,,,,,,,,,,,,,,,,
,,,,,,,,,,,,,,,,,,,,,,,,,,,,,,,,,,,,,,,,
,,,,,,,,,,,,,,,,,,,,,,,,,,,,,,,,,,,,,,,,
,,,,,,,,,,,,,,,,,,,,,,,,,,,,,,,,,,,,,,,,
,,,,,,,,,,,,,,,,,,,,,,,,,,,,,,,,,,,,,,,,
,,,,,,,,,,,,,,,,,,,,,,,,,,,,,,,,,,,,,,,,
,,,,,,,,,,,,,,,,,,,,,,,,,,,,,,,,,,,,,,,,
,,,,,,,,,,,,,,,,,,,,,,,,,,,,,,,,,,,,,,,,
,,,,,,,,,,,,,,,,,,,,,,,,,,,,,,,,,,,,,,,,
,,,,,,,,,,,,,,,,,,,,,,,,,,,,,,,,,,,,,,,,
,,,,,,,,,,,,,,,,,,,,,,,,,,,,,,,,,,,,,,,,
,,,,,,,,,,,,,,,,,,,,,,,,,,,,,,,,,,,,,,,,
,,,,,,,,,,,,,,,,,,,,,,,,,,,,,,,,,,,,,,,,
,,,,,,,,,,,,,,,,,,,,,,,,,,,,,,,,,,,,,,,,
,,,,,,,,,,,,,,,,,,,,,,,,,,,,,,,,,,,,,,,,
,,,,,,,,,,,,,,,,,,,,,,,,,,,,,,,,,,,,,,,,
,,,,,,,,,,,,,,,,,,,,,,,,,,,,,,,,,,,,,,,,
,,,,,,,,,,,,,,,,,,,,,,,,,,,,,,,,,,,,,,,,
,,,,,,,,,,,,,,,,,,,,,,,,,,,,,,,,,,,,,,,,
,,,,,,,,,,,,,,,,,,,,,,,,,,,,,,,,,,,,,,,,
,,,,,,,,,,,,,,,,,,,,,,,,,,,,,,,,,,,,,,,,
,,,,,,,,,,,,,,,,,,,,,,,,,,,,,,,,,,,,,,,,
,,,,,,,,,,,,,,,,,,,,,,,,,,,,,,,,,,,,,,,,
,,,,,,,,,,,,,,,,,,,,,,,,,,,,,,,,,,,,,,,,
,,,,,,,,,,,,,,,,,,,,,,,,,,,,,,,,,,,,,,,,
,,,,,,,,,,,,,,,,,,,,,,,,,,,,,,,,,,,,,,,,
,,,,,,,,,,,,,,,,,,,,,,,,,,,,,,,,,,,,,,,,
,,,,,,,,,,,,,,,,,,,,,,,,,,,,,,,,,,,,,,,,
,,,,,,,,,,,,,,,,,,,,,,,,,,,,,,,,,,,,,,,,
,,,,,,,,,,,,,,,,,,,,,,,,,,,,,,,,,,,,,,,,
,,,,,,,,,,,,,,,,,,,,,,,,,,,,,,,,,,,,,,,,
,,,,,,,,,,,,,,,,,,,,,,,,,,,,,,,,,,,,,,,,
,,,,,,,,,,,,,,,,,,,,,,,,,,,,,,,,,,,,,,,,
,,,,,,,,,,,,,,,,,,,,,,,,,,,,,,,,,,,,,,,,
,,,,,,,,,,,,,,,,,,,,,,,,,,,,,,,,,,,,,,,,
,,,,,,,,,,,,,,,,,,,,,,,,,,,,,,,,,,,,,,,,
,,,,,,,,,,,,,,,,,,,,,,,,,,,,,,,,,,,,,,,,
,,,,,,,,,,,,,,,,,,,,,,,,,,,,,,,,,,,,,,,,
,,,,,,,,,,,,,,,,,,,,,,,,,,,,,,,,,,,,,,,,
,,,,,,,,,,,,,,,,,,,,,,,,,,,,,,,,,,,,,,,,
,,,,,,,,,,,,,,,,,,,,,,,,,,,,,,,,,,,,,,,,
,,,,,,,,,,,,,,,,,,,,,,,,,,,,,,,,,,,,,,,,
,,,,,,,,,,,,,,,,,,,,,,,,,,,,,,,,,,,,,,,,
,,,,,,,,,,,,,,,,,,,,,,,,,,,,,,,,,,,,,,,,
,,,,,,,,,,,,,,,,,,,,,,,,,,,,,,,,,,,,,,,,
,,,,,,,,,,,,,,,,,,,,,,,,,,,,,,,,,,,,,,,,
,,,,,,,,,,,,,,,,,,,,,,,,,,,,,,,,,,,,,,,,
,,,,,,,,,,,,,,,,,,,,,,,,,,,,,,,,,,,,,,,,
,,,,,,,,,,,,,,,,,,,,,,,,,,,,,,,,,,,,,,,,
,,,,,,,,,,,,,,,,,,,,,,,,,,,,,,,,,,,,,,,,
,,,,,,,,,,,,,,,,,,,,,,,,,,,,,,,,,,,,,,,,
,,,,,,,,,,,,,,,,,,,,,,,,,,,,,,,,,,,,,,,,
,,,,,,,,,,,,,,,,,,,,,,,,,,,,,,,,,,,,,,,,
,,,,,,,,,,,,,,,,,,,,,,,,,,,,,,,,,,,,,,,,
,,,,,,,,,,,,,,,,,,,,,,,,,,,,,,,,,,,,,,,,
,,,,,,,,,,,,,,,,,,,,,,,,,,,,,,,,,,,,,,,,
,,,,,,,,,,,,,,,,,,,,,,,,,,,,,,,,,,,,,,,,
,,,,,,,,,,,,,,,,,,,,,,,,,,,,,,,,,,,,,,,,
,,,,,,,,,,,,,,,,,,,,,,,,,,,,,,,,,,,,,,,,
,,,,,,,,,,,,,,,,,,,,,,,,,,,,,,,,,,,,,,,,
,,,,,,,,,,,,,,,,,,,,,,,,,,,,,,,,,,,,,,,,
,,,,,,,,,,,,,,,,,,,,,,,,,,,,,,,,,,,,,,,,
,,,,,,,,,,,,,,,,,,,,,,,,,,,,,,,,,,,,,,,,
,,,,,,,,,,,,,,,,,,,,,,,,,,,,,,,,,,,,,,,,
,,,,,,,,,,,,,,,,,,,,,,,,,,,,,,,,,,,,,,,,
,,,,,,,,,,,,,,,,,,,,,,,,,,,,,,,,,,,,,,,,
,,,,,,,,,,,,,,,,,,,,,,,,,,,,,,,,,,,,,,,,
,,,,,,,,,,,,,,,,,,,,,,,,,,,,,,,,,,,,,,,,
,,,,,,,,,,,,,,,,,,,,,,,,,,,,,,,,,,,,,,,,
,,,,,,,,,,,,,,,,,,,,,,,,,,,,,,,,,,,,,,,,
,,,,,,,,,,,,,,,,,,,,,,,,,,,,,,,,,,,,,,,,
,,,,,,,,,,,,,,,,,,,,,,,,,,,,,,,,,,,,,,,,
,,,,,,,,,,,,,,,,,,,,,,,,,,,,,,,,,,,,,,,,
,,,,,,,,,,,,,,,,,,,,,,,,,,,,,,,,,,,,,,,,
,,,,,,,,,,,,,,,,,,,,,,,,,,,,,,,,,,,,,,,,
,,,,,,,,,,,,,,,,,,,,,,,,,,,,,,,,,,,,,,,,
,,,,,,,,,,,,,,,,,,,,,,,,,,,,,,,,,,,,,,,,
,,,,,,,,,,,,,,,,,,,,,,,,,,,,,,,,,,,,,,,,
,,,,,,,,,,,,,,,,,,,,,,,,,,,,,,,,,,,,,,,,
,,,,,,,,,,,,,,,,,,,,,,,,,,,,,,,,,,,,,,,,
,,,,,,,,,,,,,,,,,,,,,,,,,,,,,,,,,,,,,,,,
,,,,,,,,,,,,,,,,,,,,,,,,,,,,,,,,,,,,,,,,
,,,,,,,,,,,,,,,,,,,,,,,,,,,,,,,,,,,,,,,,
,,,,,,,,,,,,,,,,,,,,,,,,,,,,,,,,,,,,,,,,
,,,,,,,,,,,,,,,,,,,,,,,,,,,,,,,,,,,,,,,,
,,,,,,,,,,,,,,,,,,,,,,,,,,,,,,,,,,,,,,,,
,,,,,,,,,,,,,,,,,,,,,,,,,,,,,,,,,,,,,,,,
,,,,,,,,,,,,,,,,,,,,,,,,,,,,,,,,,,,,,,,,
,,,,,,,,,,,,,,,,,,,,,,,,,,,,,,,,,,,,,,,,
,,,,,,,,,,,,,,,,,,,,,,,,,,,,,,,,,,,,,,,,
,,,,,,,,,,,,,,,,,,,,,,,,,,,,,,,,,,,,,,,,
,,,,,,,,,,,,,,,,,,,,,,,,,,,,,,,,,,,,,,,,
,,,,,,,,,,,,,,,,,,,,,,,,,,,,,,,,,,,,,,,,
,,,,,,,,,,,,,,,,,,,,,,,,,,,,,,,,,,,,,,,,
,,,,,,,,,,,,,,,,,,,,,,,,,,,,,,,,,,,,,,,,
,,,,,,,,,,,,,,,,,,,,,,,,,,,,,,,,,,,,,,,,
,,,,,,,,,,,,,,,,,,,,,,,,,,,,,,,,,,,,,,,,
,,,,,,,,,,,,,,,,,,,,,,,,,,,,,,,,,,,,,,,,
,,,,,,,,,,,,,,,,,,,,,,,,,,,,,,,,,,,,,,,,
,,,,,,,,,,,,,,,,,,,,,,,,,,,,,,,,,,,,,,,,
,,,,,,,,,,,,,,,,,,,,,,,,,,,,,,,,,,,,,,,,
,,,,,,,,,,,,,,,,,,,,,,,,,,,,,,,,,,,,,,,,
,,,,,,,,,,,,,,,,,,,,,,,,,,,,,,,,,,,,,,,,
,,,,,,,,,,,,,,,,,,,,,,,,,,,,,,,,,,,,,,,,
,,,,,,,,,,,,,,,,,,,,,,,,,,,,,,,,,,,,,,,,
,,,,,,,,,,,,,,,,,,,,,,,,,,,,,,,,,,,,,,,,
,,,,,,,,,,,,,,,,,,,,,,,,,,,,,,,,,,,,,,,,
,,,,,,,,,,,,,,,,,,,,,,,,,,,,,,,,,,,,,,,,
,,,,,,,,,,,,,,,,,,,,,,,,,,,,,,,,,,,,,,,,
,,,,,,,,,,,,,,,,,,,,,,,,,,,,,,,,,,,,,,,,
,,,,,,,,,,,,,,,,,,,,,,,,,,,,,,,,,,,,,,,,
,,,,,,,,,,,,,,,,,,,,,,,,,,,,,,,,,,,,,,,,
,,,,,,,,,,,,,,,,,,,,,,,,,,,,,,,,,,,,,,,,
,,,,,,,,,,,,,,,,,,,,,,,,,,,,,,,,,,,,,,,,
,,,,,,,,,,,,,,,,,,,,,,,,,,,,,,,,,,,,,,,,
,,,,,,,,,,,,,,,,,,,,,,,,,,,,,,,,,,,,,,,,
,,,,,,,,,,,,,,,,,,,,,,,,,,,,,,,,,,,,,,,,
,,,,,,,,,,,,,,,,,,,,,,,,,,,,,,,,,,,,,,,,
,,,,,,,,,,,,,,,,,,,,,,,,,,,,,,,,,,,,,,,,
,,,,,,,,,,,,,,,,,,,,,,,,,,,,,,,,,,,,,,,,
,,,,,,,,,,,,,,,,,,,,,,,,,,,,,,,,,,,,,,,,
,,,,,,,,,,,,,,,,,,,,,,,,,,,,,,,,,,,,,,,,
,,,,,,,,,,,,,,,,,,,,,,,,,,,,,,,,,,,,,,,,
,,,,,,,,,,,,,,,,,,,,,,,,,,,,,,,,,,,,,,,,
,,,,,,,,,,,,,,,,,,,,,,,,,,,,,,,,,,,,,,,,
,,,,,,,,,,,,,,,,,,,,,,,,,,,,,,,,,,,,,,,,
,,,,,,,,,,,,,,,,,,,,,,,,,,,,,,,,,,,,,,,,
,,,,,,,,,,,,,,,,,,,,,,,,,,,,,,,,,,,,,,,,
,,,,,,,,,,,,,,,,,,,,,,,,,,,,,,,,,,,,,,,,
,,,,,,,,,,,,,,,,,,,,,,,,,,,,,,,,,,,,,,,,
,,,,,,,,,,,,,,,,,,,,,,,,,,,,,,,,,,,,,,,,
,,,,,,,,,,,,,,,,,,,,,,,,,,,,,,,,,,,,,,,,
,,,,,,,,,,,,,,,,,,,,,,,,,,,,,,,,,,,,,,,,
,,,,,,,,,,,,,,,,,,,,,,,,,,,,,,,,,,,,,,,,
,,,,,,,,,,,,,,,,,,,,,,,,,,,,,,,,,,,,,,,,
,,,,,,,,,,,,,,,,,,,,,,,,,,,,,,,,,,,,,,,,
,,,,,,,,,,,,,,,,,,,,,,,,,,,,,,,,,,,,,,,,
,,,,,,,,,,,,,,,,,,,,,,,,,,,,,,,,,,,,,,,,
,,,,,,,,,,,,,,,,,,,,,,,,,,,,,,,,,,,,,,,,
,,,,,,,,,,,,,,,,,,,,,,,,,,,,,,,,,,,,,,,,
,,,,,,,,,,,,,,,,,,,,,,,,,,,,,,,,,,,,,,,,
,,,,,,,,,,,,,,,,,,,,,,,,,,,,,,,,,,,,,,,,
,,,,,,,,,,,,,,,,,,,,,,,,,,,,,,,,,,,,,,,,
,,,,,,,,,,,,,,,,,,,,,,,,,,,,,,,,,,,,,,,,
,,,,,,,,,,,,,,,,,,,,,,,,,,,,,,,,,,,,,,,,
,,,,,,,,,,,,,,,,,,,,,,,,,,,,,,,,,,,,,,,,
,,,,,,,,,,,,,,,,,,,,,,,,,,,,,,,,,,,,,,,,
,,,,,,,,,,,,,,,,,,,,,,,,,,,,,,,,,,,,,,,,
,,,,,,,,,,,,,,,,,,,,,,,,,,,,,,,,,,,,,,,,
,,,,,,,,,,,,,,,,,,,,,,,,,,,,,,,,,,,,,,,,
,,,,,,,,,,,,,,,,,,,,,,,,,,,,,,,,,,,,,,,,
,,,,,,,,,,,,,,,,,,,,,,,,,,,,,,,,,,,,,,,,
,,,,,,,,,,,,,,,,,,,,,,,,,,,,,,,,,,,,,,,,
,,,,,,,,,,,,,,,,,,,,,,,,,,,,,,,,,,,,,,,,
,,,,,,,,,,,,,,,,,,,,,,,,,,,,,,,,,,,,,,,,
,,,,,,,,,,,,,,,,,,,,,,,,,,,,,,,,,,,,,,,,
,,,,,,,,,,,,,,,,,,,,,,,,,,,,,,,,,,,,,,,,
,,,,,,,,,,,,,,,,,,,,,,,,,,,,,,,,,,,,,,,,
,,,,,,,,,,,,,,,,,,,,,,,,,,,,,,,,,,,,,,,,
,,,,,,,,,,,,,,,,,,,,,,,,,,,,,,,,,,,,,,,,
,,,,,,,,,,,,,,,,,,,,,,,,,,,,,,,,,,,,,,,,
,,,,,,,,,,,,,,,,,,,,,,,,,,,,,,,,,,,,,,,,
,,,,,,,,,,,,,,,,,,,,,,,,,,,,,,,,,,,,,,,,
,,,,,,,,,,,,,,,,,,,,,,,,,,,,,,,,,,,,,,,,
,,,,,,,,,,,,,,,,,,,,,,,,,,,,,,,,,,,,,,,,
,,,,,,,,,,,,,,,,,,,,,,,,,,,,,,,,,,,,,,,,
,,,,,,,,,,,,,,,,,,,,,,,,,,,,,,,,,,,,,,,,
,,,,,,,,,,,,,,,,,,,,,,,,,,,,,,,,,,,,,,,,
,,,,,,,,,,,,,,,,,,,,,,,,,,,,,,,,,,,,,,,,
,,,,,,,,,,,,,,,,,,,,,,,,,,,,,,,,,,,,,,,,
,,,,,,,,,,,,,,,,,,,,,,,,,,,,,,,,,,,,,,,,
,,,,,,,,,,,,,,,,,,,,,,,,,,,,,,,,,,,,,,,,
,,,,,,,,,,,,,,,,,,,,,,,,,,,,,,,,,,,,,,,,
,,,,,,,,,,,,,,,,,,,,,,,,,,,,,,,,,,,,,,,,
,,,,,,,,,,,,,,,,,,,,,,,,,,,,,,,,,,,,,,,,
,,,,,,,,,,,,,,,,,,,,,,,,,,,,,,,,,,,,,,,,
,,,,,,,,,,,,,,,,,,,,,,,,,,,,,,,,,,,,,,,,
,,,,,,,,,,,,,,,,,,,,,,,,,,,,,,,,,,,,,,,,
,,,,,,,,,,,,,,,,,,,,,,,,,,,,,,,,,,,,,,,,
,,,,,,,,,,,,,,,,,,,,,,,,,,,,,,,,,,,,,,,,
,,,,,,,,,,,,,,,,,,,,,,,,,,,,,,,,,,,,,,,,
,,,,,,,,,,,,,,,,,,,,,,,,,,,,,,,,,,,,,,,,
,,,,,,,,,,,,,,,,,,,,,,,,,,,,,,,,,,,,,,,,
,,,,,,,,,,,,,,,,,,,,,,,,,,,,,,,,,,,,,,,,
,,,,,,,,,,,,,,,,,,,,,,,,,,,,,,,,,,,,,,,,
,,,,,,,,,,,,,,,,,,,,,,,,,,,,,,,,,,,,,,,,
,,,,,,,,,,,,,,,,,,,,,,,,,,,,,,,,,,,,,,,,
,,,,,,,,,,,,,,,,,,,,,,,,,,,,,,,,,,,,,,,,
,,,,,,,,,,,,,,,,,,,,,,,,,,,,,,,,,,,,,,,,
,,,,,,,,,,,,,,,,,,,,,,,,,,,,,,,,,,,,,,,,
,,,,,,,,,,,,,,,,,,,,,,,,,,,,,,,,,,,,,,,,
,,,,,,,,,,,,,,,,,,,,,,,,,,,,,,,,,,,,,,,,
,,,,,,,,,,,,,,,,,,,,,,,,,,,,,,,,,,,,,,,,
,,,,,,,,,,,,,,,,,,,,,,,,,,,,,,,,,,,,,,,,
,,,,,,,,,,,,,,,,,,,,,,,,,,,,,,,,,,,,,,,,
,,,,,,,,,,,,,,,,,,,,,,,,,,,,,,,,,,,,,,,,
,,,,,,,,,,,,,,,,,,,,,,,,,,,,,,,,,,,,,,,,
,,,,,,,,,,,,,,,,,,,,,,,,,,,,,,,,,,,,,,,,
,,,,,,,,,,,,,,,,,,,,,,,,,,,,,,,,,,,,,,,,
,,,,,,,,,,,,,,,,,,,,,,,,,,,,,,,,,,,,,,,,
,,,,,,,,,,,,,,,,,,,,,,,,,,,,,,,,,,,,,,,,
,,,,,,,,,,,,,,,,,,,,,,,,,,,,,,,,,,,,,,,,
,,,,,,,,,,,,,,,,,,,,,,,,,,,,,,,,,,,,,,,,
,,,,,,,,,,,,,,,,,,,,,,,,,,,,,,,,,,,,,,,,
,,,,,,,,,,,,,,,,,,,,,,,,,,,,,,,,,,,,,,,,
,,,,,,,,,,,,,,,,,,,,,,,,,,,,,,,,,,,,,,,,
,,,,,,,,,,,,,,,,,,,,,,,,,,,,,,,,,,,,,,,,
,,,,,,,,,,,,,,,,,,,,,,,,,,,,,,,,,,,,,,,,
,,,,,,,,,,,,,,,,,,,,,,,,,,,,,,,,,,,,,,,,
,,,,,,,,,,,,,,,,,,,,,,,,,,,,,,,,,,,,,,,,
,,,,,,,,,,,,,,,,,,,,,,,,,,,,,,,,,,,,,,,,
,,,,,,,,,,,,,,,,,,,,,,,,,,,,,,,,,,,,,,,,
,,,,,,,,,,,,,,,,,,,,,,,,,,,,,,,,,,,,,,,,
,,,,,,,,,,,,,,,,,,,,,,,,,,,,,,,,,,,,,,,,
,,,,,,,,,,,,,,,,,,,,,,,,,,,,,,,,,,,,,,,,
,,,,,,,,,,,,,,,,,,,,,,,,,,,,,,,,,,,,,,,,
,,,,,,,,,,,,,,,,,,,,,,,,,,,,,,,,,,,,,,,,
,,,,,,,,,,,,,,,,,,,,,,,,,,,,,,,,,,,,,,,,
,,,,,,,,,,,,,,,,,,,,,,,,,,,,,,,,,,,,,,,,
,,,,,,,,,,,,,,,,,,,,,,,,,,,,,,,,,,,,,,,,
,,,,,,,,,,,,,,,,,,,,,,,,,,,,,,,,,,,,,,,,
,,,,,,,,,,,,,,,,,,,,,,,,,,,,,,,,,,,,,,,,
,,,,,,,,,,,,,,,,,,,,,,,,,,,,,,,,,,,,,,,,
,,,,,,,,,,,,,,,,,,,,,,,,,,,,,,,,,,,,,,,,
,,,,,,,,,,,,,,,,,,,,,,,,,,,,,,,,,,,,,,,,
,,,,,,,,,,,,,,,,,,,,,,,,,,,,,,,,,,,,,,,,
,,,,,,,,,,,,,,,,,,,,,,,,,,,,,,,,,,,,,,,,
,,,,,,,,,,,,,,,,,,,,,,,,,,,,,,,,,,,,,,,,
,,,,,,,,,,,,,,,,,,,,,,,,,,,,,,,,,,,,,,,,
,,,,,,,,,,,,,,,,,,,,,,,,,,,,,,,,,,,,,,,,
,,,,,,,,,,,,,,,,,,,,,,,,,,,,,,,,,,,,,,,,
,,,,,,,,,,,,,,,,,,,,,,,,,,,,,,,,,,,,,,,,
,,,,,,,,,,,,,,,,,,,,,,,,,,,,,,,,,,,,,,,,
,,,,,,,,,,,,,,,,,,,,,,,,,,,,,,,,,,,,,,,,
,,,,,,,,,,,,,,,,,,,,,,,,,,,,,,,,,,,,,,,,
,,,,,,,,,,,,,,,,,,,,,,,,,,,,,,,,,,,,,,,,
,,,,,,,,,,,,,,,,,,,,,,,,,,,,,,,,,,,,,,,,
,,,,,,,,,,,,,,,,,,,,,,,,,,,,,,,,,,,,,,,,
,,,,,,,,,,,,,,,,,,,,,,,,,,,,,,,,,,,,,,,,
,,,,,,,,,,,,,,,,,,,,,,,,,,,,,,,,,,,,,,,,
,,,,,,,,,,,,,,,,,,,,,,,,,,,,,,,,,,,,,,,,
,,,,,,,,,,,,,,,,,,,,,,,,,,,,,,,,,,,,,,,,
,,,,,,,,,,,,,,,,,,,,,,,,,,,,,,,,,,,,,,,,
,,,,,,,,,,,,,,,,,,,,,,,,,,,,,,,,,,,,,,,,
,,,,,,,,,,,,,,,,,,,,,,,,,,,,,,,,,,,,,,,,
,,,,,,,,,,,,,,,,,,,,,,,,,,,,,,,,,,,,,,,,
,,,,,,,,,,,,,,,,,,,,,,,,,,,,,,,,,,,,,,,,
,,,,,,,,,,,,,,,,,,,,,,,,,,,,,,,,,,,,,,,,
,,,,,,,,,,,,,,,,,,,,,,,,,,,,,,,,,,,,,,,,
,,,,,,,,,,,,,,,,,,,,,,,,,,,,,,,,,,,,,,,,
,,,,,,,,,,,,,,,,,,,,,,,,,,,,,,,,,,,,,,,,
,,,,,,,,,,,,,,,,,,,,,,,,,,,,,,,,,,,,,,,,
,,,,,,,,,,,,,,,,,,,,,,,,,,,,,,,,,,,,,,,,
,,,,,,,,,,,,,,,,,,,,,,,,,,,,,,,,,,,,,,,,
,,,,,,,,,,,,,,,,,,,,,,,,,,,,,,,,,,,,,,,,
,,,,,,,,,,,,,,,,,,,,,,,,,,,,,,,,,,,,,,,,
,,,,,,,,,,,,,,,,,,,,,,,,,,,,,,,,,,,,,,,,
,,,,,,,,,,,,,,,,,,,,,,,,,,,,,,,,,,,,,,,,
,,,,,,,,,,,,,,,,,,,,,,,,,,,,,,,,,,,,,,,,
,,,,,,,,,,,,,,,,,,,,,,,,,,,,,,,,,,,,,,,,
,,,,,,,,,,,,,,,,,,,,,,,,,,,,,,,,,,,,,,,,
,,,,,,,,,,,,,,,,,,,,,,,,,,,,,,,,,,,,,,,,
,,,,,,,,,,,,,,,,,,,,,,,,,,,,,,,,,,,,,,,,EMOBON_ROSKOGO_Wa_365
