source_mat_id_orig,samp_description,tax_id,scientific_name,investigation_type,env_material,collection_date,sampling_event,sampl_person,sampl_person_orcid,tidal_stage,meio,noteworthy_env_cond,replicate,size_frac_low,size_frac_up,depth,samp_collect_device,samp_mat_process,samp_mat_process_dev,samp_store_date,samp_store_loc,samp_store_temp,store_person,store_person_orcid,other_person,other_person_orcid,long_store,samp_size_mass,ship_date,arr_date_hq,store_temp_hq,ship_date_seq,arr_date_seq,seq_batch,failure,failure_comment,ENA_accession_number_sample,source_mat_id
EMOBON ROSKOGO So210826 micro 1,EMOBON metagenome sediment sample from station ROSKOGO collected on 2021-08-26 community collected micro,412755,marine sediment metagenome,metagenome,sediment [ENVO:00002007],2021-08-26 00:00:00,ROSKOGO_So_210826,Wilfried Thomas; Daguin; Thiebaut; Comtet,,ebb_tide,micro,,1,NA,NA,17,core,SoSOP2,,2021-08-26 00:00:00,SBR YD001 freezer 17,-80,Claire Daguin-Thiebaut,0000-0003-4665-6411,,,N,10.8,2021-10-19 00:00:00,2021-10-22 00:00:00,-70,2021-11-24 00:00:00,2021-11-24 00:00:00,,F,NA,NA,EMOBON_ROSKOGO_So_1
EMOBON ROSKOGO So210826 micro 2,EMOBON metagenome sediment sample from station ROSKOGO collected on 2021-08-26 community collected micro,412755,marine sediment metagenome,metagenome,sediment [ENVO:00002007],2021-08-26 00:00:00,ROSKOGO_So_210826,Wilfried Thomas; Daguin; Thiebaut; Comtet,,ebb_tide,micro,,2,NA,NA,17,core,SoSOP2,,2021-08-26 00:00:00,SBR YD001 freezer 17,-80,Claire Daguin-Thiebaut,0000-0003-4665-6411,,,N,9.3,2021-10-19 00:00:00,2021-10-22 00:00:00,-70,2021-11-24 00:00:00,2021-11-24 00:00:00,,F,NA,NA,EMOBON_ROSKOGO_So_2
EMOBON ROSKOGO So210826 micro 3,EMOBON metagenome sediment sample from station ROSKOGO collected on 2021-08-26 community collected micro,412755,marine sediment metagenome,metagenome,sediment [ENVO:00002007],2021-08-26 00:00:00,ROSKOGO_So_210826,Wilfried Thomas; Daguin; Thiebaut; Comtet,,ebb_tide,micro,,3,NA,NA,17,core,SoSOP2,,2021-08-26 00:00:00,SBR YD001 freezer 17,-80,Claire Daguin-Thiebaut,0000-0003-4665-6411,,,Y,10.3,NA,NA,NA,NA,NA,,NA,NA,NA,EMOBON_ROSKOGO_So_3
EMOBON ROSKOGO So210826 micro 4,EMOBON metagenome sediment sample from station ROSKOGO collected on 2021-08-26 community collected micro,412755,marine sediment metagenome,metagenome,sediment [ENVO:00002007],2021-08-26 00:00:00,ROSKOGO_So_210826,Wilfried Thomas; Daguin; Thiebaut; Comtet,,ebb_tide,micro,,4,NA,NA,17,core,SoSOP2,,2021-08-26 00:00:00,SBR YD001 freezer 17,-80,Claire Daguin-Thiebaut,0000-0003-4665-6411,,,Y,10.6,NA,NA,NA,NA,NA,,NA,NA,NA,EMOBON_ROSKOGO_So_4
EMOBON ROSKOGO So210826 micro blank,EMOBON metagenome sediment sample from station ROSKOGO collected on 2021-08-26 community collected micro,256318,metagenome,metagenome,sediment [ENVO:00002007],2021-08-26 00:00:00,ROSKOGO_So_210826,Daguin; Thiebaut; Comtet,,,micro,,blank_1,NA,NA,,swab,SoSOP2,,2021-08-26 00:00:00,SBR YD001 freezer 17,-80,Claire Daguin-Thiebaut,0000-0003-4665-6411,,,Y,NA,NA,NA,NA,NA,NA,,NA,NA,NA,EMOBON_ROSKOGO_So_5
EMOBON ROSKOGO So210923 Macro 1,EMOBON mimarks-specimen sediment sample from station ROSKOGO collected on 2021-09-23 community collected macro,33208,Metazoa ,mimarks-specimen,sediment [ENVO:00002007],2021-09-23 00:00:00,ROSKOGO_So_210923,"Houbin, Daguin, Comtet",0000-0002-4572-3371,ebb_tide,macro,,1,NA,NA,17,McIntyre grab,SoSOP3,,2021-09-23 00:00:00,SBR YD101.2 fridge R10,4,Céline Houbin,0000-0002-4572-3371,,,N,13.4,2022-01-18 00:00:00,2022-01-21 00:00:00,4,2023-06-01 00:00:00,2023-06-01 00:00:00,,NA,NA,NA,EMOBON_ROSKOGO_So_6
EMOBON ROSKOGO So210923 Macro 2,EMOBON mimarks-specimen sediment sample from station ROSKOGO collected on 2021-09-23 community collected macro,33208,Metazoa ,mimarks-specimen,sediment [ENVO:00002007],2021-09-23 00:00:00,ROSKOGO_So_210923,"Houbin, Daguin, Comtet",0000-0002-4572-3371,ebb_tide,macro,,2,NA,NA,17,McIntyre grab,SoSOP3,,2021-09-23 00:00:00,SBR YD101.2 fridge R10,4,Céline Houbin,0000-0002-4572-3371,,,N,14.17,2022-01-18 00:00:00,2022-01-21 00:00:00,4,2023-10-17 00:00:00,2023-10-17 00:00:00,,NA,NA,NA,EMOBON_ROSKOGO_So_7
EMOBON ROSKOGO So210923 Macro 3,EMOBON mimarks-specimen sediment sample from station ROSKOGO collected on 2021-09-23 community collected macro,33208,Metazoa ,mimarks-specimen,sediment [ENVO:00002007],2021-09-23 00:00:00,ROSKOGO_So_210923,"Houbin, Daguin, Comtet",0000-0002-4572-3371,ebb_tide,macro,,3,NA,NA,17,McIntyre grab,SoSOP3,,2021-09-23 00:00:00,SBR YD101.2 fridge R10,4,Céline Houbin,0000-0002-4572-3371,,,Y,10.26,NA,NA,NA,NA,NA,,NA,NA,NA,EMOBON_ROSKOGO_So_8
EMOBON ROSKOGO So210923 Macro 4,EMOBON mimarks-specimen sediment sample from station ROSKOGO collected on 2021-09-23 community collected macro,33208,Metazoa ,mimarks-specimen,sediment [ENVO:00002007],2021-09-23 00:00:00,ROSKOGO_So_210923,"Houbin, Daguin, Comtet",0000-0002-4572-3371,ebb_tide,macro,,4,NA,NA,17,McIntyre grab,SoSOP3,,2021-09-23 00:00:00,SBR YD101.2 fridge R10,4,Céline Houbin,0000-0002-4572-3371,,,Y,10.91,NA,NA,NA,NA,NA,,NA,NA,NA,EMOBON_ROSKOGO_So_9
EMOBON ROSKOGO So210923 Macro blank,EMOBON mimarks-specimen sediment sample from station ROSKOGO collected on 2021-09-23 community collected macro,256318,metagenome,mimarks-specimen,sediment [ENVO:00002007],2021-09-23 00:00:00,ROSKOGO_So_210923,"Houbin, Daguin, Comtet",0000-0002-4572-3371,ebb_tide,macro,,blank_1,NA,NA,,swab,SoSOP3,,2021-09-23 00:00:00,SBR YD101.2 fridge R10,4,Céline Houbin,0000-0002-4572-3371,,,Y,NA,NA,NA,NA,NA,NA,,NA,NA,NA,EMOBON_ROSKOGO_So_10
EMOBON ROSKOGO So211119 meio 1,EMOBON mimarks-specimen sediment sample from station ROSKOGO collected on 2021-11-19 community collected meio,33208,Metazoa ,mimarks-specimen,sediment [ENVO:00002007],2021-11-19 00:00:00,ROSKOGO_So_211119,Thomas; Camusat;Daguin; Thiebaut; Comtet,,ebb_tide,meio,,1,NA,NA,17,core,SoSOP2,ludox extraction ,2021-11-19 00:00:00,SBR YD101.1 C27,-20,Claire Daguin-Thiebaut,0000-0003-4665-6411,,,N,500,2023-09-19 00:00:00,2023-09-21 00:00:00,-70,NA,NA,,NA,NA,NA,EMOBON_ROSKOGO_So_11
EMOBON ROSKOGO So211119 meio 2,EMOBON mimarks-specimen sediment sample from station ROSKOGO collected on 2021-11-19 community collected meio,33208,Metazoa ,mimarks-specimen,sediment [ENVO:00002007],2021-11-19 00:00:00,ROSKOGO_So_211119,Thomas; Camusat;Daguin; Thiebaut; Comtet,,ebb_tide,meio,,2,NA,NA,17,core,SoSOP2,ludox extraction ,2021-11-19 00:00:00,SBR YD101.1 C27,-20,Claire Daguin-Thiebaut,0000-0003-4665-6411,,,N,594,2023-09-19 00:00:00,2023-09-21 00:00:00,-70,NA,NA,,NA,NA,NA,EMOBON_ROSKOGO_So_12
EMOBON ROSKOGO So211119 meio 3,EMOBON mimarks-specimen sediment sample from station ROSKOGO collected on 2021-11-19 community collected meio,33208,Metazoa ,mimarks-specimen,sediment [ENVO:00002007],2021-11-19 00:00:00,ROSKOGO_So_211119,Thomas; Camusat;Daguin; Thiebaut; Comtet,,ebb_tide,meio,,3,NA,NA,17,core,SoSOP2,ludox extraction ,2021-11-19 00:00:00,SBR YD101.1 C27,-20,Claire Daguin-Thiebaut,0000-0003-4665-6411,,,Y,572,NA,NA,NA,NA,NA,,NA,NA,NA,EMOBON_ROSKOGO_So_13
EMOBON ROSKOGO So211119 meio 4,EMOBON mimarks-specimen sediment sample from station ROSKOGO collected on 2021-11-19 community collected meio,33208,Metazoa ,mimarks-specimen,sediment [ENVO:00002007],2021-11-19 00:00:00,ROSKOGO_So_211119,Thomas; Camusat;Daguin; Thiebaut; Comtet,,ebb_tide,meio,,4,NA,NA,17,core,SoSOP2,ludox extraction ,2021-11-19 00:00:00,SBR YD101.1 C27,-20,Claire Daguin-Thiebaut,0000-0003-4665-6411,,,Y,678,NA,NA,NA,NA,NA,,NA,NA,NA,EMOBON_ROSKOGO_So_14
EMOBON ROSKOGO So211119 meio blank,EMOBON mimarks-specimen sediment sample from station ROSKOGO collected on 2021-11-19 community collected meio,256318,metagenome,mimarks-specimen,swab,2021-11-19 00:00:00,ROSKOGO_So_211119,Daguin; Thiebaut; Comtet,,ebb_tide,meio,,blank_1,NA,NA,,core,SoSOP2,,2021-11-19 00:00:00,SBR YD101.1 C27,-20,Claire Daguin-Thiebaut,0000-0003-4665-6411,,,Y,NA,NA,NA,NA,NA,NA,,NA,NA,NA,EMOBON_ROSKOGO_So_15
EMOBON ROSKOGO So211119 micro 1,EMOBON metagenome sediment sample from station ROSKOGO collected on 2021-11-19 community collected micro,412755,marine sediment metagenome,metagenome,sediment [ENVO:00002007],2021-11-19 00:00:00,ROSKOGO_So_211119,Thomas; Camusat;Daguin; Thiebaut; Comtet,,ebb_tide,micro,,1,NA,NA,17,core,SoSOP2,,2021-11-19 00:00:00,SBR YD001 freezer 17,-80,Claire Daguin-Thiebaut,0000-0003-4665-6411,,,N,11.4,2022-01-18 00:00:00,2022-01-21 00:00:00,-70,2022-02-22 00:00:00,2022-02-23 00:00:00,,F,NA,NA,EMOBON_ROSKOGO_So_16
EMOBON ROSKOGO So211119 micro 2,EMOBON metagenome sediment sample from station ROSKOGO collected on 2021-11-19 community collected micro,412755,marine sediment metagenome,metagenome,sediment [ENVO:00002007],2021-11-19 00:00:00,ROSKOGO_So_211119,Thomas; Camusat;Daguin; Thiebaut; Comtet,,ebb_tide,micro,,2,NA,NA,17,core,SoSOP2,,2021-11-19 00:00:00,SBR YD001 freezer 17,-80,Claire Daguin-Thiebaut,0000-0003-4665-6411,,,N,12.4,2022-01-18 00:00:00,2022-01-21 00:00:00,-70,2022-02-22 00:00:00,2022-02-23 00:00:00,,F,NA,NA,EMOBON_ROSKOGO_So_17
EMOBON ROSKOGO So211119 micro 3,EMOBON metagenome sediment sample from station ROSKOGO collected on 2021-11-19 community collected micro,412755,marine sediment metagenome,metagenome,sediment [ENVO:00002007],2021-11-19 00:00:00,ROSKOGO_So_211119,Thomas; Camusat;Daguin; Thiebaut; Comtet,,ebb_tide,micro,,3,NA,NA,17,core,SoSOP2,,2021-11-19 00:00:00,SBR YD001 freezer 17,-80,Claire Daguin-Thiebaut,0000-0003-4665-6411,,,Y,10.8,NA,NA,NA,NA,NA,,NA,NA,NA,EMOBON_ROSKOGO_So_18
EMOBON ROSKOGO So211119 micro 4,EMOBON metagenome sediment sample from station ROSKOGO collected on 2021-11-19 community collected micro,412755,marine sediment metagenome,metagenome,sediment [ENVO:00002007],2021-11-19 00:00:00,ROSKOGO_So_211119,Thomas; Camusat;Daguin; Thiebaut; Comtet,,ebb_tide,micro,,4,NA,NA,17,core,SoSOP2,,2021-11-19 00:00:00,SBR YD001 freezer 17,-80,Claire Daguin-Thiebaut,0000-0003-4665-6411,,,Y,9.8,NA,NA,NA,NA,NA,,NA,NA,NA,EMOBON_ROSKOGO_So_19
EMOBON ROSKOGO So211119 micro blank,EMOBON metagenome sediment sample from station ROSKOGO collected on 2021-11-19 community collected micro,256318,metagenome,metagenome,swab,2021-11-19 00:00:00,ROSKOGO_So_211119,Daguin; Thiebaut; Comtet,,ebb_tide,micro,,blank_1,NA,NA,,core,SoSOP2,,2021-11-19 00:00:00,SBR YD001 freezer 17,-80,Claire Daguin-Thiebaut,0000-0003-4665-6411,,,Y,NA,NA,NA,NA,NA,NA,,NA,NA,NA,EMOBON_ROSKOGO_So_20
EMOBON ROSKOGO So220301 Macro 1,EMOBON mimarks-specimen sediment sample from station ROSKOGO collected on 2022-03-01 community collected macro,33208,Metazoa ,mimarks-specimen,sediment [ENVO:00002007],2022-03-01 00:00:00,ROSKOGO_So_220301,"Houbin, Daguin, Comtet",0000-0002-4572-3371,ebb_tide,macro,,1,NA,NA,17,McIntyre grab,SoSOP3,,2022-03-03 00:00:00,SBR YD101.2 fridge R10,4,Céline Houbin,0000-0002-4572-3371,,,N,9.86,2022-10-11 00:00:00,2022-10-13 00:00:00,4,2023-10-17 00:00:00,2023-10-17 00:00:00,,,NA,NA,EMOBON_ROSKOGO_So_21
EMOBON ROSKOGO So220301 Macro 2,EMOBON mimarks-specimen sediment sample from station ROSKOGO collected on 2022-03-01 community collected macro,33208,Metazoa ,mimarks-specimen,sediment [ENVO:00002007],2022-03-01 00:00:00,ROSKOGO_So_220301,"Houbin, Daguin, Comtet",0000-0002-4572-3371,ebb_tide,macro,,2,NA,NA,17,McIntyre grab,SoSOP3,,2022-03-03 00:00:00,SBR YD101.2 fridge R10,4,Céline Houbin,0000-0002-4572-3371,,,N,10.94,2022-10-11 00:00:00,2022-10-13 00:00:00,4,2023-10-17 00:00:00,2023-10-17 00:00:00,,,NA,NA,EMOBON_ROSKOGO_So_22
EMOBON ROSKOGO So220301 Macro 3,EMOBON mimarks-specimen sediment sample from station ROSKOGO collected on 2022-03-01 community collected macro,33208,Metazoa ,mimarks-specimen,sediment [ENVO:00002007],2022-03-01 00:00:00,ROSKOGO_So_220301,"Houbin, Daguin, Comtet",0000-0002-4572-3371,ebb_tide,macro,,3,NA,NA,17,McIntyre grab,SoSOP3,,2022-03-03 00:00:00,SBR YD101.2 fridge R10,4,Céline Houbin,0000-0002-4572-3371,,,Y,12.53,NA,NA,NA,NA,NA,,NA,NA,NA,EMOBON_ROSKOGO_So_23
EMOBON ROSKOGO So220301 Macro 4,EMOBON mimarks-specimen sediment sample from station ROSKOGO collected on 2022-03-01 community collected macro,33208,Metazoa ,mimarks-specimen,sediment [ENVO:00002007],2022-03-01 00:00:00,ROSKOGO_So_220301,"Houbin, Daguin, Comtet",0000-0002-4572-3371,ebb_tide,macro,,4,NA,NA,17,McIntyre grab,SoSOP3,,2022-03-03 00:00:00,SBR YD101.2 fridge R10,4,Céline Houbin,0000-0002-4572-3371,,,Y,11.02,NA,NA,NA,NA,NA,,NA,NA,NA,EMOBON_ROSKOGO_So_24
EMOBON ROSKOGO So220301 Macro blank,EMOBON mimarks-specimen sediment sample from station ROSKOGO collected on 2022-03-01 community collected macro,256318,metagenome,mimarks-specimen,swab,2022-03-01 00:00:00,ROSKOGO_So_220301,"Houbin, Daguin, Comtet",0000-0002-4572-3371,ebb_tide,macro,,blank_1,NA,NA,,swab,SoSOP3,,2022-03-03 00:00:00,SBR YD101.2 fridge R10,4,Céline Houbin,0000-0002-4572-3371,,,Y,NA,NA,NA,NA,NA,NA,,NA,NA,NA,EMOBON_ROSKOGO_So_25
EMOBON ROSKOGO So220303 micro 1,EMOBON metagenome sediment sample from station ROSKOGO collected on 2022-03-03 community collected micro,412755,marine sediment metagenome,metagenome,sediment [ENVO:00002007],2022-03-03 00:00:00,ROSKOGO_So_220303,Daguin Comtet Camusat etal,,low_tide,micro,,1,NA,NA,17,core,SoSOP2,,2022-03-03 00:00:00,SBR YD001 freezer 17,-80,Claire Daguin-Thiebaut,0000-0003-4665-6411,,,N,9.9,2022-10-11 00:00:00,2022-10-13 00:00:00,-70,2022-07-18 00:00:00,2022-07-18 00:00:00,,NA,NA,NA,EMOBON_ROSKOGO_So_26
EMOBON ROSKOGO So220303 micro 2,EMOBON metagenome sediment sample from station ROSKOGO collected on 2022-03-03 community collected micro,412755,marine sediment metagenome,metagenome,sediment [ENVO:00002007],2022-03-03 00:00:00,ROSKOGO_So_220303,Daguin Comtet Camusat etal,,low_tide,micro,,2,NA,NA,17,core,SoSOP2,,2022-03-03 00:00:00,SBR YD001 freezer 17,-80,Claire Daguin-Thiebaut,0000-0003-4665-6411,,,N,10.6,2022-10-11 00:00:00,2022-10-13 00:00:00,-70,2022-07-18 00:00:00,2022-07-18 00:00:00,,NA,NA,NA,EMOBON_ROSKOGO_So_27
EMOBON ROSKOGO So220303 micro 3,EMOBON metagenome sediment sample from station ROSKOGO collected on 2022-03-03 community collected micro,412755,marine sediment metagenome,metagenome,sediment [ENVO:00002007],2022-03-03 00:00:00,ROSKOGO_So_220303,Daguin Comtet Camusat etal,,low_tide,micro,,3,NA,NA,17,core,SoSOP2,,2022-03-03 00:00:00,SBR YD001 freezer 17,-80,Claire Daguin-Thiebaut,0000-0003-4665-6411,,,Y,11.4,NA,NA,NA,NA,NA,,NA,NA,NA,EMOBON_ROSKOGO_So_28
EMOBON ROSKOGO So220303 micro 4,EMOBON metagenome sediment sample from station ROSKOGO collected on 2022-03-03 community collected micro,412755,marine sediment metagenome,metagenome,sediment [ENVO:00002007],2022-03-03 00:00:00,ROSKOGO_So_220303,Daguin Comtet Camusat etal,,low_tide,micro,,4,NA,NA,17,core,SoSOP2,,2022-03-03 00:00:00,SBR YD001 freezer 17,-80,Claire Daguin-Thiebaut,0000-0003-4665-6411,,,Y,10.1,NA,NA,NA,NA,NA,,NA,NA,NA,EMOBON_ROSKOGO_So_29
EMOBON ROSKOGO So220303 micro blank,EMOBON metagenome sediment sample from station ROSKOGO collected on 2022-03-03 community collected micro,256318,metagenome,metagenome,swab,2022-03-03 00:00:00,ROSKOGO_So_220303,Daguin Comtet Camusat etal,,low_tide,micro,,blank_1,NA,NA,,swab,SoSOP2,,2022-03-03 00:00:00,SBR YD001 freezer 17,-80,Claire Daguin-Thiebaut,0000-0003-4665-6411,,,Y,NA,NA,NA,NA,NA,NA,,NA,NA,NA,EMOBON_ROSKOGO_So_30
EMOBON ROSKOGO So220425 meio 1,EMOBON mimarks-specimen sediment sample from station ROSKOGO collected on 2022-04-25 community collected meio,33208,Metazoa ,mimarks-specimen,sediment [ENVO:00002007],2022-04-25 00:00:00,ROSKOGO_So_220425,Daguin Comtet Camusat etal,,low_tide,meio,,1,NA,NA,17,core,SoSOP2,ludox extraction ,2022-04-25 00:00:00,SBR YD101.1 C27,-20,Claire Daguin-Thiebaut,0000-0003-4665-6411,,,N,373.1,2023-09-19 00:00:00,2023-09-21 00:00:00,-70,NA,NA,,NA,NA,NA,EMOBON_ROSKOGO_So_31
EMOBON ROSKOGO So220425 meio 2,EMOBON mimarks-specimen sediment sample from station ROSKOGO collected on 2022-04-25 community collected meio,33208,Metazoa ,mimarks-specimen,sediment [ENVO:00002007],2022-04-25 00:00:00,ROSKOGO_So_220425,Daguin Comtet Camusat etal,,low_tide,meio,,2,NA,NA,17,core,SoSOP2,ludox extraction ,2022-04-25 00:00:00,SBR YD101.1 C27,-20,Claire Daguin-Thiebaut,0000-0003-4665-6411,,,N,400,2023-09-19 00:00:00,2023-09-21 00:00:00,-70,NA,NA,,NA,NA,NA,EMOBON_ROSKOGO_So_32
EMOBON ROSKOGO So220425 meio 3,EMOBON mimarks-specimen sediment sample from station ROSKOGO collected on 2022-04-25 community collected meio,33208,Metazoa ,mimarks-specimen,sediment [ENVO:00002007],2022-04-25 00:00:00,ROSKOGO_So_220425,Daguin Comtet Camusat etal,,low_tide,meio,,3,NA,NA,17,core,SoSOP2,ludox extraction ,2022-04-25 00:00:00,SBR YD101.1 C27,-20,Claire Daguin-Thiebaut,0000-0003-4665-6411,,,Y,360,NA,NA,NA,NA,NA,,NA,NA,NA,EMOBON_ROSKOGO_So_33
EMOBON ROSKOGO So220425 meio 4,EMOBON mimarks-specimen sediment sample from station ROSKOGO collected on 2022-04-25 community collected meio,33208,Metazoa ,mimarks-specimen,sediment [ENVO:00002007],2022-04-25 00:00:00,ROSKOGO_So_220425,Daguin Comtet Camusat etal,,low_tide,meio,,4,NA,NA,17,core,SoSOP2,ludox extraction ,2022-04-25 00:00:00,SBR YD101.1 C27,-20,Claire Daguin-Thiebaut,0000-0003-4665-6411,,,Y,401,NA,NA,NA,NA,NA,,NA,NA,NA,EMOBON_ROSKOGO_So_34
EMOBON ROSKOGO So220425 micro 1,EMOBON metagenome sediment sample from station ROSKOGO collected on 2022-04-25 community collected micro,412755,marine sediment metagenome,metagenome,sediment [ENVO:00002007],2022-04-25 00:00:00,ROSKOGO_So_220425,Daguin Comtet Camusat etal,,low_tide,micro,,1,NA,NA,17,core,SoSOP2,,2022-04-25 00:00:00,SBR YD001 freezer 17,-80,Claire Daguin-Thiebaut,0000-0003-4665-6411,,,N,10.6,2022-10-11 00:00:00,2022-10-13 00:00:00,-70,2022-07-18 00:00:00,2022-07-18 00:00:00,,NA,NA,NA,EMOBON_ROSKOGO_So_35
EMOBON ROSKOGO So220425 micro 2,EMOBON metagenome sediment sample from station ROSKOGO collected on 2022-04-25 community collected micro,412755,marine sediment metagenome,metagenome,sediment [ENVO:00002007],2022-04-25 00:00:00,ROSKOGO_So_220425,Daguin Comtet Camusat etal,,low_tide,micro,,2,NA,NA,17,core,SoSOP2,,2022-04-25 00:00:00,SBR YD001 freezer 17,-80,Claire Daguin-Thiebaut,0000-0003-4665-6411,,,N,10.1,2022-10-11 00:00:00,2022-10-13 00:00:00,-70,2022-07-18 00:00:00,2022-07-18 00:00:00,,NA,NA,NA,EMOBON_ROSKOGO_So_36
EMOBON ROSKOGO So220425 micro 3,EMOBON metagenome sediment sample from station ROSKOGO collected on 2022-04-25 community collected micro,412755,marine sediment metagenome,metagenome,sediment [ENVO:00002007],2022-04-25 00:00:00,ROSKOGO_So_220425,Daguin Comtet Camusat etal,,low_tide,micro,,3,NA,NA,17,core,SoSOP2,,2022-04-25 00:00:00,SBR YD001 freezer 17,-80,Claire Daguin-Thiebaut,0000-0003-4665-6411,,,Y,10.5,NA,NA,NA,NA,NA,,NA,NA,NA,EMOBON_ROSKOGO_So_37
EMOBON ROSKOGO So220425 micro 4,EMOBON metagenome sediment sample from station ROSKOGO collected on 2022-04-25 community collected micro,412755,marine sediment metagenome,metagenome,sediment [ENVO:00002007],2022-04-25 00:00:00,ROSKOGO_So_220425,Daguin Comtet Camusat etal,,low_tide,micro,,4,NA,NA,17,core,SoSOP2,,2022-04-25 00:00:00,SBR YD001 freezer 17,-80,Claire Daguin-Thiebaut,0000-0003-4665-6411,,,Y,10.3,NA,NA,NA,NA,NA,,NA,NA,NA,EMOBON_ROSKOGO_So_38
EMOBON ROSKOGO So220425 blank,EMOBON metagenome sediment sample from station ROSKOGO collected on 2022-04-25 community collected ,256318,metagenome,metagenome,swab,2022-04-25 00:00:00,ROSKOGO_So_220425,Daguin Comtet Camusat etal,,low_tide,,,blank_1,NA,NA,,swab,SoSOP2,,2022-04-25 00:00:00,SBR YD001 freezer 17,-80,Claire Daguin-Thiebaut,0000-0003-4665-6411,,,Y,NA,,,,NA,NA,,NA,NA,NA,EMOBON_ROSKOGO_So_39
EMOBON ROSKOGO So220623 meio 1,EMOBON mimarks-specimen sediment sample from station ROSKOGO collected on 2022-06-23 community collected meio,33208,Metazoa ,mimarks-specimen,sediment [ENVO:00002007],2022-06-23 00:00:00,ROSKOGO_So_220623,Daguin Comtet Camusat Fontana,,high_tide,meio,,1,NA,NA,23,core,SoSOP2,ludox extraction ,2022-06-23 00:00:00,SBR YD101.1 C27,-20,Claire Daguin-Thiebaut,0000-0003-4665-6411,,,N,475.9,2023-09-19 00:00:00,2023-09-21 00:00:00,-70,NA,NA,,NA,NA,NA,EMOBON_ROSKOGO_So_40
EMOBON ROSKOGO So220623 meio 2,EMOBON mimarks-specimen sediment sample from station ROSKOGO collected on 2022-06-23 community collected meio,33208,Metazoa ,mimarks-specimen,sediment [ENVO:00002007],2022-06-23 00:00:00,ROSKOGO_So_220623,Daguin Comtet Camusat Fontana,,high_tide,meio,,2,NA,NA,23,core,SoSOP2,ludox extraction ,2022-06-23 00:00:00,SBR YD101.1 C27,-20,Claire Daguin-Thiebaut,0000-0003-4665-6411,,,N,462.8,2023-09-19 00:00:00,2023-09-21 00:00:00,-70,NA,NA,,NA,NA,NA,EMOBON_ROSKOGO_So_41
EMOBON ROSKOGO So220623 meio 3,EMOBON mimarks-specimen sediment sample from station ROSKOGO collected on 2022-06-23 community collected meio,33208,Metazoa ,mimarks-specimen,sediment [ENVO:00002007],2022-06-23 00:00:00,ROSKOGO_So_220623,Daguin Comtet Camusat Fontana,,high_tide,meio,,3,NA,NA,23,core,SoSOP2,ludox extraction ,2022-06-23 00:00:00,SBR YD101.1 C27,-20,Claire Daguin-Thiebaut,0000-0003-4665-6411,,,Y,510.5,NA,NA,NA,NA,NA,,NA,NA,NA,EMOBON_ROSKOGO_So_42
EMOBON ROSKOGO So220623 meio 4,EMOBON mimarks-specimen sediment sample from station ROSKOGO collected on 2022-06-23 community collected meio,33208,Metazoa ,mimarks-specimen,sediment [ENVO:00002007],2022-06-23 00:00:00,ROSKOGO_So_220623,Daguin Comtet Camusat Fontana,,high_tide,meio,,4,NA,NA,23,core,SoSOP2,ludox extraction ,2022-06-23 00:00:00,SBR YD101.1 C27,-20,Claire Daguin-Thiebaut,0000-0003-4665-6411,,,Y,544.9,NA,NA,NA,NA,NA,,NA,NA,NA,EMOBON_ROSKOGO_So_43
EMOBON ROSKOGO So220623 micro 1,EMOBON metagenome sediment sample from station ROSKOGO collected on 2022-06-23 community collected micro,412755,marine sediment metagenome,metagenome,sediment [ENVO:00002007],2022-06-23 00:00:00,ROSKOGO_So_220623,Daguin Comtet Camusat Fontana,,high_tide,micro,,1,NA,NA,23,core,SoSOP2,,2022-06-23 00:00:00,SBR YD001 freezer 17,-80,Claire Daguin-Thiebaut,0000-0003-4665-6411,,,N,11.8,2022-10-11 00:00:00,2022-10-13 00:00:00,-70,2022-07-18 00:00:00,2022-07-18 00:00:00,,NA,NA,NA,EMOBON_ROSKOGO_So_44
EMOBON ROSKOGO So220623 micro 2,EMOBON metagenome sediment sample from station ROSKOGO collected on 2022-06-23 community collected micro,412755,marine sediment metagenome,metagenome,sediment [ENVO:00002007],2022-06-23 00:00:00,ROSKOGO_So_220623,Daguin Comtet Camusat Fontana,,high_tide,micro,,2,NA,NA,23,core,SoSOP2,,2022-06-23 00:00:00,SBR YD001 freezer 17,-80,Claire Daguin-Thiebaut,0000-0003-4665-6411,,,N,9,2022-10-11 00:00:00,2022-10-13 00:00:00,-70,2022-07-18 00:00:00,2022-07-18 00:00:00,,NA,NA,NA,EMOBON_ROSKOGO_So_45
EMOBON ROSKOGO So220623 micro 3,EMOBON metagenome sediment sample from station ROSKOGO collected on 2022-06-23 community collected micro,412755,marine sediment metagenome,metagenome,sediment [ENVO:00002007],2022-06-23 00:00:00,ROSKOGO_So_220623,Daguin Comtet Camusat Fontana,,high_tide,micro,,3,NA,NA,23,core,SoSOP2,,2022-06-23 00:00:00,SBR YD001 freezer 17,-80,Claire Daguin-Thiebaut,0000-0003-4665-6411,,,Y,9.8,NA,NA,NA,NA,NA,,NA,NA,NA,EMOBON_ROSKOGO_So_46
EMOBON ROSKOGO So220623 micro 4,EMOBON metagenome sediment sample from station ROSKOGO collected on 2022-06-23 community collected micro,412755,marine sediment metagenome,metagenome,sediment [ENVO:00002007],2022-06-23 00:00:00,ROSKOGO_So_220623,Daguin Comtet Camusat Fontana,,high_tide,micro,,4,NA,NA,23,core,SoSOP2,,2022-06-23 00:00:00,SBR YD001 freezer 17,-80,Claire Daguin-Thiebaut,0000-0003-4665-6411,,,Y,10.5,NA,NA,NA,NA,NA,,NA,NA,NA,EMOBON_ROSKOGO_So_47
EMOBON ROSKOGO So220623 micro blank,EMOBON metagenome sediment sample from station ROSKOGO collected on 2022-06-23 community collected micro,256318,metagenome,metagenome,swab,2022-06-23 00:00:00,ROSKOGO_So_220623,Daguin Comtet Camusat Fontana,,high_tide,micro,,blank_1,NA,NA,,swab,SoSOP2,,2022-06-23 00:00:00,SBR YD001 freezer 17,-80,Claire Daguin-Thiebaut,0000-0003-4665-6411,,,Y,NA,NA,NA,NA,NA,NA,,NA,NA,NA,EMOBON_ROSKOGO_So_48
EMOBON ROSKOGO So220929 Macro 1,EMOBON mimarks-specimen sediment sample from station ROSKOGO collected on 2022-09-29 community collected macro,33208,Metazoa ,mimarks-specimen,sediment [ENVO:00002007],2022-09-29 00:00:00,ROSKOGO_So_220929,"Houbin, Daguin, Comtet",0000-0002-4572-3371,ebb_tide,macro,,1,NA,NA,17,McIntyre grab,SoSOP3,,2022-09-29 00:00:00,SBR YD101.2 fridge R10,4,Céline Houbin,0000-0002-4572-3371,,,N,12.29,2023-09-19 00:00:00,2023-09-21 00:00:00,1899-10-21,NA,NA,,NA,NA,NA,EMOBON_ROSKOGO_So_49
EMOBON ROSKOGO So220929 Macro 2,EMOBON mimarks-specimen sediment sample from station ROSKOGO collected on 2022-09-29 community collected macro,33208,Metazoa ,mimarks-specimen,sediment [ENVO:00002007],2022-09-29 00:00:00,ROSKOGO_So_220929,"Houbin, Daguin, Comtet",0000-0002-4572-3371,ebb_tide,macro,,2,NA,NA,17,McIntyre grab,SoSOP3,,2022-09-29 00:00:00,SBR YD101.2 fridge R10,4,Céline Houbin,0000-0002-4572-3371,,,N,11.71,2023-09-19 00:00:00,2023-09-21 00:00:00,1899-10-21,NA,NA,,NA,NA,NA,EMOBON_ROSKOGO_So_50
EMOBON ROSKOGO So220929 Macro 3,EMOBON mimarks-specimen sediment sample from station ROSKOGO collected on 2022-09-29 community collected macro,33208,Metazoa ,mimarks-specimen,sediment [ENVO:00002007],2022-09-29 00:00:00,ROSKOGO_So_220929,"Houbin, Daguin, Comtet",0000-0002-4572-3371,ebb_tide,macro,,3,NA,NA,17,McIntyre grab,SoSOP3,,2022-09-29 00:00:00,SBR YD101.2 fridge R10,4,Céline Houbin,0000-0002-4572-3371,,,Y,5.4,NA,NA,NA,NA,NA,,NA,NA,NA,EMOBON_ROSKOGO_So_51
EMOBON ROSKOGO So221027 meio 1,EMOBON mimarks-specimen sediment sample from station ROSKOGO collected on 2022-10-27 community collected meio,33208,Metazoa ,mimarks-specimen,sediment [ENVO:00002007],2022-10-27 00:00:00,ROSKOGO_So_221027,Daguin Comtet Camusat Thomas,,low_tide,meio,,1,NA,NA,18,core,SoSOP2,ludox extraction ,2022-10-27 00:00:00,SBR YD101.1 C27,-20,Claire Daguin-Thiebaut,0000-0003-4665-6411,,,N,425,2023-09-19 00:00:00,2023-09-21 00:00:00,1899-10-21,NA,NA,,NA,NA,NA,EMOBON_ROSKOGO_So_52
EMOBON ROSKOGO So221027 meio 2,EMOBON mimarks-specimen sediment sample from station ROSKOGO collected on 2022-10-27 community collected meio,33208,Metazoa ,mimarks-specimen,sediment [ENVO:00002007],2022-10-27 00:00:00,ROSKOGO_So_221027,Daguin Comtet Camusat Thomas,,low_tide,meio,,2,NA,NA,18,core,SoSOP2,ludox extraction ,2022-10-27 00:00:00,SBR YD101.1 C27,-20,Claire Daguin-Thiebaut,0000-0003-4665-6411,,,N,419.5,2023-09-19 00:00:00,2023-09-21 00:00:00,1899-10-21,NA,NA,,NA,NA,NA,EMOBON_ROSKOGO_So_53
EMOBON ROSKOGO So221027 meio 3,EMOBON mimarks-specimen sediment sample from station ROSKOGO collected on 2022-10-27 community collected meio,33208,Metazoa ,mimarks-specimen,sediment [ENVO:00002007],2022-10-27 00:00:00,ROSKOGO_So_221027,Daguin Comtet Camusat Thomas,,low_tide,meio,,3,NA,NA,18,core,SoSOP2,ludox extraction ,2022-10-27 00:00:00,SBR YD101.1 C27,-20,Claire Daguin-Thiebaut,0000-0003-4665-6411,,,Y,466.7,NA,NA,NA,NA,NA,,NA,NA,NA,EMOBON_ROSKOGO_So_54
EMOBON ROSKOGO So221027 meio 4,EMOBON mimarks-specimen sediment sample from station ROSKOGO collected on 2022-10-27 community collected meio,33208,Metazoa ,mimarks-specimen,sediment [ENVO:00002007],2022-10-27 00:00:00,ROSKOGO_So_221027,Daguin Comtet Camusat Thomas,,low_tide,meio,,4,NA,NA,18,core,SoSOP2,ludox extraction ,2022-10-27 00:00:00,SBR YD101.1 C27,-20,Claire Daguin-Thiebaut,0000-0003-4665-6411,,,Y,481.8,NA,NA,NA,NA,NA,,NA,NA,NA,EMOBON_ROSKOGO_So_55
EMOBON ROSKOGO So221027 micro 1,EMOBON metagenome sediment sample from station ROSKOGO collected on 2022-10-27 community collected micro,412755,marine sediment metagenome,metagenome,sediment [ENVO:00002007],2022-10-27 00:00:00,ROSKOGO_So_221027,Daguin Comtet Camusat Thomas,,low_tide,micro,,1,NA,NA,18,core,SoSOP2,,2022-10-27 00:00:00,SBR YD001 freezer 17,-80,Claire Daguin-Thiebaut,0000-0003-4665-6411,,,N,10.4,2023-06-15 00:00:00,2022-06-19 00:00:00,-70,NA,NA,,NA,NA,NA,EMOBON_ROSKOGO_So_56
EMOBON ROSKOGO So221027 micro 2,EMOBON metagenome sediment sample from station ROSKOGO collected on 2022-10-27 community collected micro,412755,marine sediment metagenome,metagenome,sediment [ENVO:00002007],2022-10-27 00:00:00,ROSKOGO_So_221027,Daguin Comtet Camusat Thomas,,low_tide,micro,,2,NA,NA,18,core,SoSOP2,,2022-10-27 00:00:00,SBR YD001 freezer 17,-80,Claire Daguin-Thiebaut,0000-0003-4665-6411,,,N,11.8,2023-06-15 00:00:00,2022-06-19 00:00:00,-70,NA,NA,,NA,NA,NA,EMOBON_ROSKOGO_So_57
EMOBON ROSKOGO So221027 micro 3,EMOBON metagenome sediment sample from station ROSKOGO collected on 2022-10-27 community collected micro,412755,marine sediment metagenome,metagenome,sediment [ENVO:00002007],2022-10-27 00:00:00,ROSKOGO_So_221027,Daguin Comtet Camusat Thomas,,low_tide,micro,,3,NA,NA,18,core,SoSOP2,,2022-10-27 00:00:00,SBR YD001 freezer 17,-80,Claire Daguin-Thiebaut,0000-0003-4665-6411,,,Y,10.2,NA,NA,NA,NA,NA,,NA,NA,NA,EMOBON_ROSKOGO_So_58
EMOBON ROSKOGO So221027 micro 4,EMOBON metagenome sediment sample from station ROSKOGO collected on 2022-10-27 community collected micro,412755,marine sediment metagenome,metagenome,sediment [ENVO:00002007],2022-10-27 00:00:00,ROSKOGO_So_221027,Daguin Comtet Camusat Thomas,,low_tide,micro,,4,NA,NA,18,core,SoSOP2,,2022-10-27 00:00:00,SBR YD001 freezer 17,-80,Claire Daguin-Thiebaut,0000-0003-4665-6411,,,Y,10.6,NA,NA,NA,NA,NA,,NA,NA,NA,EMOBON_ROSKOGO_So_59
EMOBON ROSKOGO So221027 micro blank,EMOBON metagenome sediment sample from station ROSKOGO collected on 2022-10-27 community collected micro,256318,metagenome,metagenome,swab,2022-10-27 00:00:00,ROSKOGO_So_221027,Daguin Comtet Camusat Thomas,,low_tide,micro,,blank_1,NA,NA,,core,SoSOP2,,2022-10-27 00:00:00,SBR YD001 freezer 17,-80,Claire Daguin-Thiebaut,0000-0003-4665-6411,,,Y,NA,NA,NA,NA,NA,NA,,NA,NA,NA,EMOBON_ROSKOGO_So_60
EMOBON ROSKOGO So211222 micro 1,EMOBON metagenome sediment sample from station ROSKOGO collected on 2022-12-22 community collected micro,412755,marine sediment metagenome,metagenome,sediment [ENVO:00002007],2022-12-22 00:00:00,ROSKOGO_So_211222,Comtet & Broudin,,ebb_tide,micro,,1,NA,NA,17,core,SoSOP2,,2021-12-22 00:00:00,SBR YD001 freezer 17,-80,Comtet,,,,N,NA,2022-01-18 00:00:00,2022-01-21 00:00:00,-70,2022-02-22 00:00:00,2022-02-23 00:00:00,,F,NA,NA,EMOBON_ROSKOGO_So_61
EMOBON ROSKOGO So211222 micro 2,EMOBON metagenome sediment sample from station ROSKOGO collected on 2022-12-22 community collected micro,412755,marine sediment metagenome,metagenome,sediment [ENVO:00002007],2022-12-22 00:00:00,ROSKOGO_So_211222,Comtet & Broudin,,ebb_tide,micro,,2,NA,NA,17,core,SoSOP2,,2021-12-22 00:00:00,SBR YD001 freezer 17,-80,Comtet,,,,N,NA,2022-01-18 00:00:00,2022-01-21 00:00:00,-70,2022-02-22 00:00:00,2022-02-23 00:00:00,,F,NA,NA,EMOBON_ROSKOGO_So_62
EMOBON ROSKOGO So211222 micro 3,EMOBON metagenome sediment sample from station ROSKOGO collected on 2022-12-22 community collected micro,412755,marine sediment metagenome,metagenome,sediment [ENVO:00002007],2022-12-22 00:00:00,ROSKOGO_So_211222,Comtet & Broudin,,ebb_tide,micro,,3,NA,NA,17,core,SoSOP2,,2021-12-22 00:00:00,SBR YD001 freezer 17,-80,Comtet,,,,Y,NA,NA,NA,NA,NA,NA,,NA,NA,NA,EMOBON_ROSKOGO_So_63
EMOBON ROSKOGO So211222 micro 4,EMOBON metagenome sediment sample from station ROSKOGO collected on 2022-12-22 community collected micro,412755,marine sediment metagenome,metagenome,sediment [ENVO:00002007],2022-12-22 00:00:00,ROSKOGO_So_211222,Comtet & Broudin,,ebb_tide,micro,,4,NA,NA,17,core,SoSOP2,,2021-12-22 00:00:00,SBR YD001 freezer 17,-80,Comtet,,,,Y,NA,NA,NA,NA,NA,NA,,NA,NA,NA,EMOBON_ROSKOGO_So_64
EMOBON ROSKOGO So211222 micro blank,EMOBON metagenome sediment sample from station ROSKOGO collected on 2022-12-22 community collected micro,256318,metagenome,metagenome,swab,2022-12-22 00:00:00,ROSKOGO_So_211222,Comtet & Broudin,,ebb_tide,micro,,blank_1,NA,NA,,swab,SoSOP2,,2021-12-22 00:00:00,SBR YD001 freezer 17,-80,Comtet,,,,Y,NA,NA,NA,NA,NA,NA,,NA,NA,NA,EMOBON_ROSKOGO_So_65
EMOBON ROSKOGO So230103 micro 1,EMOBON metagenome sediment sample from station ROSKOGO collected on 2023-01-03 community collected micro,412755,marine sediment metagenome,metagenome,sediment [ENVO:00002007],2023-01-03 00:00:00,ROSKOGO_So_230103,Daguin Thiebaut Thomas Fontana,,low_tide,micro,,1,NA,NA,19,core,SoSOP2,,2023-01-03 00:00:00,SBR YD001 freezer 17,-80,Claire Daguin-Thiebaut,0000-0003-4665-6411,,,N,14,2023-06-15 00:00:00,2022-06-19 00:00:00,-70,NA,NA,,NA,NA,NA,EMOBON_ROSKOGO_So_66
EMOBON ROSKOGO So230103 micro 2,EMOBON metagenome sediment sample from station ROSKOGO collected on 2023-01-03 community collected micro,412755,marine sediment metagenome,metagenome,sediment [ENVO:00002007],2023-01-03 00:00:00,ROSKOGO_So_230103,Daguin Thiebaut Thomas Fontana,,low_tide,micro,,2,NA,NA,19,core,SoSOP2,,2023-01-03 00:00:00,SBR YD001 freezer 17,-80,Claire Daguin-Thiebaut,0000-0003-4665-6411,,,N,11.4,2023-06-15 00:00:00,2022-06-19 00:00:00,-70,NA,NA,,NA,NA,NA,EMOBON_ROSKOGO_So_67
EMOBON ROSKOGO So230103 micro 3,EMOBON metagenome sediment sample from station ROSKOGO collected on 2023-01-03 community collected micro,412755,marine sediment metagenome,metagenome,sediment [ENVO:00002007],2023-01-03 00:00:00,ROSKOGO_So_230103,Daguin Thiebaut Thomas Fontana,,low_tide,micro,,3,NA,NA,19,core,SoSOP2,,2023-01-03 00:00:00,SBR YD001 freezer 17,-80,Claire Daguin-Thiebaut,0000-0003-4665-6411,,,Y,13.2,NA,NA,NA,NA,NA,,NA,NA,NA,EMOBON_ROSKOGO_So_68
EMOBON ROSKOGO So230103 micro 4,EMOBON metagenome sediment sample from station ROSKOGO collected on 2023-01-03 community collected micro,412755,marine sediment metagenome,metagenome,sediment [ENVO:00002007],2023-01-03 00:00:00,ROSKOGO_So_230103,Daguin Thiebaut Thomas Fontana,,low_tide,micro,,4,NA,NA,19,core,SoSOP2,,2023-01-03 00:00:00,SBR YD001 freezer 17,-80,Claire Daguin-Thiebaut,0000-0003-4665-6411,,,Y,11.5,NA,NA,NA,NA,NA,,NA,NA,NA,EMOBON_ROSKOGO_So_69
EMOBON ROSKOGO So230103 micro blank,EMOBON metagenome sediment sample from station ROSKOGO collected on 2023-01-03 community collected micro,256318,metagenome,metagenome,sediment [ENVO:00002007],2023-01-03 00:00:00,ROSKOGO_So_230103,Daguin Thiebaut Thomas Fontana,,low_tide,micro,,blank_1,NA,NA,,core,SoSOP2,,2023-01-03 00:00:00,SBR YD001 freezer 17,-80,Claire Daguin-Thiebaut,0000-0003-4665-6411,,,Y,NA,NA,NA,NA,NA,NA,,NA,NA,NA,EMOBON_ROSKOGO_So_70
EMOBON ROSKOGO So230215 micro 1,EMOBON metagenome sediment sample from station ROSKOGO collected on 2023-02-15 community collected micro,412755,marine sediment metagenome,metagenome,sediment [ENVO:00002007],2023-02-15 00:00:00,ROSKOGO_So_230215,Comtet Camusat Thomas,,ebb_tide,micro,,1,NA,NA,18,core,SoSOP2,,2023-02-15 00:00:00,SBR YD001 freezer 17,-80,Comtet,,,,N,10.4,2023-06-15 00:00:00,2022-06-19 00:00:00,-70,NA,NA,,NA,NA,NA,EMOBON_ROSKOGO_So_71
EMOBON ROSKOGO So230215 micro 2,EMOBON metagenome sediment sample from station ROSKOGO collected on 2023-02-15 community collected micro,412755,marine sediment metagenome,metagenome,sediment [ENVO:00002007],2023-02-15 00:00:00,ROSKOGO_So_230215,Comtet Camusat Thomas,,ebb_tide,micro,,2,NA,NA,18,core,SoSOP2,,2023-02-15 00:00:00,SBR YD001 freezer 17,-80,Comtet,,,,N,10.6,2023-06-15 00:00:00,2022-06-19 00:00:00,-70,NA,NA,,NA,NA,NA,EMOBON_ROSKOGO_So_72
EMOBON ROSKOGO So230215 micro 3,EMOBON metagenome sediment sample from station ROSKOGO collected on 2023-02-15 community collected micro,412755,marine sediment metagenome,metagenome,sediment [ENVO:00002007],2023-02-15 00:00:00,ROSKOGO_So_230215,Comtet Camusat Thomas,,ebb_tide,micro,,3,NA,NA,18,core,SoSOP2,,2023-02-15 00:00:00,SBR YD001 freezer 17,-80,Comtet,,,,Y,10.6,NA,NA,NA,NA,NA,,NA,NA,NA,EMOBON_ROSKOGO_So_73
EMOBON ROSKOGO So230215 micro 4,EMOBON metagenome sediment sample from station ROSKOGO collected on 2023-02-15 community collected micro,412755,marine sediment metagenome,metagenome,sediment [ENVO:00002007],2023-02-15 00:00:00,ROSKOGO_So_230215,Comtet Camusat Thomas,,ebb_tide,micro,,4,NA,NA,18,core,SoSOP2,,2023-02-15 00:00:00,SBR YD001 freezer 17,-80,Comtet,,,,Y,10,NA,NA,NA,NA,NA,,NA,NA,NA,EMOBON_ROSKOGO_So_74
EMOBON ROSKOGO So230215 micro blank,EMOBON metagenome sediment sample from station ROSKOGO collected on 2023-02-15 community collected micro,256318,metagenome,metagenome,sediment [ENVO:00002007],2023-02-15 00:00:00,ROSKOGO_So_230215,Comtet Camusat Thomas,,ebb_tide,micro,,blank_1,NA,NA,,core,SoSOP2,,2023-02-15 00:00:00,SBR YD001 freezer 17,-80,Comtet,,,,Y,NA,NA,NA,NA,NA,NA,,NA,NA,NA,EMOBON_ROSKOGO_So_75
EMOBON ROSKOGO So230220 Macro 1,EMOBON mimarks-specimen sediment sample from station ROSKOGO collected on 2023-02-20 community collected macro,33208,Metazoa ,mimarks-specimen,sediment [ENVO:00002007],2023-02-20 00:00:00,ROSKOGO_So_230220,Houbin Daguin Thiebaut,0000-0002-4572-3371,ebb_tide,macro,,1,NA,NA,17,McIntyre grab,SoSOP3,,2023-02-20 00:00:00,SBR YD101.2 fridge R10,4,Claire Daguin-Thiebaut,0000-0003-4665-6411,,,N,10.25,2023-09-19 00:00:00,2023-09-21 00:00:00,-70,NA,NA,,NA,NA,NA,EMOBON_ROSKOGO_So_76
EMOBON ROSKOGO So230220 Macro 2,EMOBON mimarks-specimen sediment sample from station ROSKOGO collected on 2023-02-20 community collected macro,33208,Metazoa ,mimarks-specimen,sediment [ENVO:00002007],2023-02-20 00:00:00,ROSKOGO_So_230220,Houbin Daguin Thiebaut,0000-0002-4572-3371,ebb_tide,macro,,2,NA,NA,17,McIntyre grab,SoSOP3,,2023-02-20 00:00:00,SBR YD101.2 fridge R10,4,Claire Daguin-Thiebaut,0000-0003-4665-6411,,,N,11.8,2023-09-19 00:00:00,2023-09-21 00:00:00,-70,NA,NA,,NA,NA,NA,EMOBON_ROSKOGO_So_77
EMOBON ROSKOGO So230220 Macro 3,EMOBON mimarks-specimen sediment sample from station ROSKOGO collected on 2023-02-20 community collected macro,33208,Metazoa ,mimarks-specimen,sediment [ENVO:00002007],2023-02-20 00:00:00,ROSKOGO_So_230220,Houbin Daguin Thiebaut,0000-0002-4572-3371,ebb_tide,macro,,3,NA,NA,17,McIntyre grab,SoSOP3,,2023-02-20 00:00:00,SBR YD101.2 fridge R10,4,Claire Daguin-Thiebaut,0000-0003-4665-6411,,,Y,8.92,NA,NA,NA,NA,NA,,NA,NA,NA,EMOBON_ROSKOGO_So_78
EMOBON ROSKOGO So230220 Macro 4,EMOBON mimarks-specimen sediment sample from station ROSKOGO collected on 2023-02-20 community collected macro,33208,Metazoa ,mimarks-specimen,sediment [ENVO:00002007],2023-02-20 00:00:00,ROSKOGO_So_230220,Houbin Daguin Thiebaut,0000-0002-4572-3371,ebb_tide,macro,,4,NA,NA,17,McIntyre grab,SoSOP3,,2023-02-20 00:00:00,SBR YD101.2 fridge R10,4,Claire Daguin-Thiebaut,0000-0003-4665-6411,,,Y,9.63,NA,NA,NA,NA,NA,,NA,NA,NA,EMOBON_ROSKOGO_So_79
EMOBON ROSKOGO So230220 Macro blank,EMOBON mimarks-specimen sediment sample from station ROSKOGO collected on 2023-02-20 community collected ,256318,metagenome,mimarks-specimen,swab,2023-02-20 00:00:00,ROSKOGO_So_230220,Houbin Daguin Thiebaut,0000-0002-4572-3371,ebb_tide,,,blank_1,NA,NA,,,,,2023-02-20 00:00:00,,4,Claire Daguin-Thiebaut,0000-0003-4665-6411,,,Y,NA,NA,NA,NA,NA,NA,,NA,NA,NA,EMOBON_ROSKOGO_So_80
EMOBON ROSKOGO So230412 meio 1,EMOBON mimarks-specimen sediment sample from station ROSKOGO collected on 2023-04-12 community collected meio,33208,Metazoa ,mimarks-specimen,sediment [ENVO:00002007],2023-04-12 00:00:00,ROSKOGO_So_230412,Comtet Camusat Thomas Castel,,high_tide,meio,,1,NA,NA,24,core,SoSOP2,ludox extraction ,2023-04-12 00:00:00,SBR YD101.1 C27,-20,Comtet,,,,N,574.8,2023-09-19 00:00:00,2023-09-21 00:00:00,-70,NA,NA,,NA,NA,NA,EMOBON_ROSKOGO_So_81
EMOBON ROSKOGO So230412 meio 2,EMOBON mimarks-specimen sediment sample from station ROSKOGO collected on 2023-04-12 community collected meio,33208,Metazoa ,mimarks-specimen,sediment [ENVO:00002007],2023-04-12 00:00:00,ROSKOGO_So_230412,Comtet Camusat Thomas Castel,,high_tide,meio,,2,NA,NA,24,core,SoSOP2,ludox extraction ,2023-04-12 00:00:00,SBR YD101.1 C27,-20,Comtet,,,,N,691.3,2023-09-19 00:00:00,2023-09-21 00:00:00,-70,NA,NA,,NA,NA,NA,EMOBON_ROSKOGO_So_82
EMOBON ROSKOGO So230412 meio 3,EMOBON mimarks-specimen sediment sample from station ROSKOGO collected on 2023-04-12 community collected meio,33208,Metazoa ,mimarks-specimen,sediment [ENVO:00002007],2023-04-12 00:00:00,ROSKOGO_So_230412,Comtet Camusat Thomas Castel,,high_tide,meio,,3,NA,NA,24,core,SoSOP2,ludox extraction ,2023-04-12 00:00:00,SBR YD101.1 C27,-20,Comtet,,,,Y,555.9,NA,NA,NA,NA,NA,,NA,NA,NA,EMOBON_ROSKOGO_So_83
EMOBON ROSKOGO So230412 meio 4,EMOBON mimarks-specimen sediment sample from station ROSKOGO collected on 2023-04-12 community collected meio,33208,Metazoa ,mimarks-specimen,sediment [ENVO:00002007],2023-04-12 00:00:00,ROSKOGO_So_230412,Comtet Camusat Thomas Castel,,high_tide,meio,,4,NA,NA,24,core,SoSOP2,ludox extraction ,2023-04-12 00:00:00,SBR YD101.1 C27,-20,Comtet,,,,Y,585.4,NA,NA,NA,NA,NA,,NA,NA,NA,EMOBON_ROSKOGO_So_84
EMOBON ROSKOGO So230412 micro 1,EMOBON metagenome sediment sample from station ROSKOGO collected on 2023-04-12 community collected micro,412755,marine sediment metagenome,metagenome,sediment [ENVO:00002007],2023-04-12 00:00:00,ROSKOGO_So_230412,Comtet Camusat Thomas Castel,,high_tide,micro,,1,NA,NA,24,core,SoSOP2,,2023-04-12 00:00:00,SBR YD001 freezer 17,-80,Comtet,,,,N,10.2,2023-06-15 00:00:00,2022-06-19 00:00:00,-70,NA,NA,,NA,NA,NA,EMOBON_ROSKOGO_So_85
EMOBON ROSKOGO So230412 micro 2,EMOBON metagenome sediment sample from station ROSKOGO collected on 2023-04-12 community collected micro,412755,marine sediment metagenome,metagenome,sediment [ENVO:00002007],2023-04-12 00:00:00,ROSKOGO_So_230412,Comtet Camusat Thomas Castel,,high_tide,micro,,2,NA,NA,24,core,SoSOP2,,2023-04-12 00:00:00,SBR YD001 freezer 17,-80,Comtet,,,,N,10.1,2023-06-15 00:00:00,2022-06-19 00:00:00,-70,NA,NA,,NA,NA,NA,EMOBON_ROSKOGO_So_86
EMOBON ROSKOGO So230412 micro 3,EMOBON metagenome sediment sample from station ROSKOGO collected on 2023-04-12 community collected micro,412755,marine sediment metagenome,metagenome,sediment [ENVO:00002007],2023-04-12 00:00:00,ROSKOGO_So_230412,Comtet Camusat Thomas Castel,,high_tide,micro,,3,NA,NA,24,core,SoSOP2,,2023-04-12 00:00:00,SBR YD001 freezer 17,-80,Comtet,,,,Y,10.4,NA,NA,NA,NA,NA,,NA,NA,NA,EMOBON_ROSKOGO_So_87
EMOBON ROSKOGO So230412 micro 4,EMOBON metagenome sediment sample from station ROSKOGO collected on 2023-04-12 community collected micro,412755,marine sediment metagenome,metagenome,sediment [ENVO:00002007],2023-04-12 00:00:00,ROSKOGO_So_230412,Comtet Camusat Thomas Castel,,high_tide,micro,,4,NA,NA,24,core,SoSOP2,,2023-04-12 00:00:00,SBR YD001 freezer 17,-80,Comtet,,,,Y,10.2,NA,NA,NA,NA,NA,,NA,NA,NA,EMOBON_ROSKOGO_So_88
EMOBON ROSKOGO So230412 micro blank,EMOBON metagenome sediment sample from station ROSKOGO collected on 2023-04-12 community collected micro,256318,metagenome,metagenome,swab,2023-04-12 00:00:00,ROSKOGO_So_230412,Comtet Camusat Thomas Castel,,high_tide,micro,,blank_1,NA,NA,,core,SoSOP2,,2023-04-12 00:00:00,SBR YD001 freezer 17,-80,Comtet,,,,Y,NA,NA,NA,NA,NA,NA,,NA,NA,NA,EMOBON_ROSKOGO_So_89
EMOBON ROSKOGO So230619 meio 1,EMOBON mimarks-specimen sediment sample from station ROSKOGO collected on 2023-06-19 community collected meio,33208,Metazoa ,mimarks-specimen,sediment [ENVO:00002007],2023-06-19 00:00:00,ROSKOGO_So_230619,Comtet Camusat Thomas Castel,,ebb_tide,meio,,1,NA,NA,18,core,SoSOP2,ludox extraction ,2023-06-19 00:00:00,SBR YD101.1 C27,-20,Comtet,,,,N,642.2,2023-09-19 00:00:00,2023-09-21 00:00:00,-70,NA,NA,,NA,NA,NA,EMOBON_ROSKOGO_So_90
EMOBON ROSKOGO So230619 meio 2,EMOBON mimarks-specimen sediment sample from station ROSKOGO collected on 2023-06-19 community collected meio,33208,Metazoa ,mimarks-specimen,sediment [ENVO:00002007],2023-06-19 00:00:00,ROSKOGO_So_230619,Comtet Camusat Thomas Castel,,ebb_tide,meio,,2,NA,NA,18,core,SoSOP2,ludox extraction ,2023-06-19 00:00:00,SBR YD101.1 C27,-20,Comtet,,,,N,704.9,2023-09-19 00:00:00,2023-09-21 00:00:00,-70,NA,NA,,NA,NA,NA,EMOBON_ROSKOGO_So_91
EMOBON ROSKOGO So230619 meio 3,EMOBON mimarks-specimen sediment sample from station ROSKOGO collected on 2023-06-19 community collected meio,33208,Metazoa ,mimarks-specimen,sediment [ENVO:00002007],2023-06-19 00:00:00,ROSKOGO_So_230619,Comtet Camusat Thomas Castel,,ebb_tide,meio,,3,NA,NA,18,core,SoSOP2,ludox extraction ,2023-06-19 00:00:00,SBR YD101.1 C27,-20,Comtet,,,,Y,558,NA,NA,NA,NA,NA,,NA,NA,NA,EMOBON_ROSKOGO_So_92
EMOBON ROSKOGO So230619 meio 4,EMOBON mimarks-specimen sediment sample from station ROSKOGO collected on 2023-06-19 community collected meio,33208,Metazoa ,mimarks-specimen,sediment [ENVO:00002007],2023-06-19 00:00:00,ROSKOGO_So_230619,Comtet Camusat Thomas Castel,,ebb_tide,meio,,4,NA,NA,18,core,SoSOP2,ludox extraction ,2023-06-19 00:00:00,SBR YD101.1 C27,-20,Comtet,,,,Y,634.9,NA,NA,NA,NA,NA,,NA,NA,NA,EMOBON_ROSKOGO_So_93
EMOBON ROSKOGO So230619 micro 1,EMOBON metagenome sediment sample from station ROSKOGO collected on 2023-06-19 community collected micro,412755,marine sediment metagenome,metagenome,sediment [ENVO:00002007],2023-06-19 00:00:00,ROSKOGO_So_230619,Comtet Camusat Thomas Castel,,ebb_tide,micro,,1,NA,NA,18,core,SoSOP2,,2023-06-19 00:00:00,SBR YD001 freezer 17,-80,Comtet,,,,N,10.4,2023-09-19 00:00:00,2023-09-21 00:00:00,-70,NA,NA,,NA,NA,NA,EMOBON_ROSKOGO_So_94
EMOBON ROSKOGO So230619 micro 2,EMOBON metagenome sediment sample from station ROSKOGO collected on 2023-06-19 community collected micro,412755,marine sediment metagenome,metagenome,sediment [ENVO:00002007],2023-06-19 00:00:00,ROSKOGO_So_230619,Comtet Camusat Thomas Castel,,ebb_tide,micro,,2,NA,NA,18,core,SoSOP2,,2023-06-19 00:00:00,SBR YD001 freezer 17,-80,Comtet,,,,N,10.5,2023-09-19 00:00:00,2023-09-21 00:00:00,-70,NA,NA,,NA,NA,NA,EMOBON_ROSKOGO_So_95
EMOBON ROSKOGO So230619 micro 3,EMOBON metagenome sediment sample from station ROSKOGO collected on 2023-06-19 community collected micro,412755,marine sediment metagenome,metagenome,sediment [ENVO:00002007],2023-06-19 00:00:00,ROSKOGO_So_230619,Comtet Camusat Thomas Castel,,ebb_tide,micro,,3,NA,NA,18,core,SoSOP2,,2023-06-19 00:00:00,SBR YD001 freezer 17,-80,Comtet,,,,Y,9.9,NA,NA,NA,NA,NA,,NA,NA,NA,EMOBON_ROSKOGO_So_96
EMOBON ROSKOGO So230619 micro 4,EMOBON metagenome sediment sample from station ROSKOGO collected on 2023-06-19 community collected micro,412755,marine sediment metagenome,metagenome,sediment [ENVO:00002007],2023-06-19 00:00:00,ROSKOGO_So_230619,Comtet Camusat Thomas Castel,,ebb_tide,micro,,4,NA,NA,18,core,SoSOP2,,2023-06-19 00:00:00,SBR YD001 freezer 17,-80,Comtet,,,,Y,10.5,NA,NA,NA,NA,NA,,NA,NA,NA,EMOBON_ROSKOGO_So_97
EMOBON ROSKOGO So230619 micro blank,EMOBON metagenome sediment sample from station ROSKOGO collected on 2023-06-19 community collected micro,256318,metagenome,metagenome,swab,2023-06-19 00:00:00,ROSKOGO_So_230619,Comtet Camusat Thomas Castel,,ebb_tide,micro,,blank_1,NA,NA,,core,SoSOP2,,2023-06-19 00:00:00,SBR YD001 freezer 17,-80,Comtet,,,,Y,NA,2023-09-19 00:00:00,2023-09-21 00:00:00,-70,NA,NA,,NA,NA,NA,EMOBON_ROSKOGO_So_98
EMOBON ROSKOGO So230816 micro 1,EMOBON metagenome sediment sample from station ROSKOGO collected on 2023-08-16 community collected micro,412755,marine sediment metagenome,metagenome,sediment [ENVO:00002007],2023-08-16 00:00:00,ROSKOGO_So_230816,Comtet Camusat Thomas Castel,,high_tide,micro,,1,NA,NA,21,core,SoSOP2,,2023-08-16 00:00:00,SBR YD001 freezer 17,-80,Comtet,,,,,10,2023-09-19 00:00:00,2023-09-21 00:00:00,-70,NA,NA,,NA,NA,NA,EMOBON_ROSKOGO_So_99
EMOBON ROSKOGO So230816 micro 2,EMOBON metagenome sediment sample from station ROSKOGO collected on 2023-08-16 community collected micro,412755,marine sediment metagenome,metagenome,sediment [ENVO:00002007],2023-08-16 00:00:00,ROSKOGO_So_230816,Comtet Camusat Thomas Castel,,high_tide,micro,,2,NA,NA,21,core,SoSOP2,,2023-08-16 00:00:00,SBR YD001 freezer 17,-80,Comtet,,,,,10.2,2023-09-19 00:00:00,2023-09-21 00:00:00,-70,NA,NA,,NA,NA,NA,EMOBON_ROSKOGO_So_100
EMOBON ROSKOGO So230816 micro 3,EMOBON metagenome sediment sample from station ROSKOGO collected on 2023-08-16 community collected micro,412755,marine sediment metagenome,metagenome,sediment [ENVO:00002007],2023-08-16 00:00:00,ROSKOGO_So_230816,Comtet Camusat Thomas Castel,,high_tide,micro,,3,NA,NA,21,core,SoSOP2,,2023-08-16 00:00:00,SBR YD001 freezer 17,-80,Comtet,,,,,9.9,NA,NA,NA,NA,NA,,NA,NA,NA,EMOBON_ROSKOGO_So_101
EMOBON ROSKOGO So230816 micro 4,EMOBON metagenome sediment sample from station ROSKOGO collected on 2023-08-16 community collected micro,412755,marine sediment metagenome,metagenome,sediment [ENVO:00002007],2023-08-16 00:00:00,ROSKOGO_So_230816,Comtet Camusat Thomas Castel,,high_tide,micro,,4,NA,NA,21,core,SoSOP2,,2023-08-16 00:00:00,SBR YD001 freezer 17,-80,Comtet,,,,,10.2,NA,NA,NA,NA,NA,,NA,NA,NA,EMOBON_ROSKOGO_So_102
EMOBON ROSKOGO So230816 micro blank,EMOBON metagenome sediment sample from station ROSKOGO collected on 2023-08-16 community collected micro,256318,metagenome,metagenome,swab,2023-08-16 00:00:00,ROSKOGO_So_230816,Comtet Camusat Thomas Castel,,high_tide,micro,,blank_1,NA,NA,,core,SoSOP2,,2023-08-16 00:00:00,SBR YD001 freezer 17,-80,Comtet,,,,,NA,NA,NA,NA,NA,NA,,NA,NA,NA,EMOBON_ROSKOGO_So_103
EMOBON ROSKOGO So230925 Macro 1,EMOBON mimarks-specimen sediment sample from station ROSKOGO collected on 2023-09-25 community collected macro,33208,Metazoa ,mimarks-specimen,sediment [ENVO:00002007],2023-09-25 00:00:00,ROSKOGO_So_230925,Houbin Castel,,ebb_tide,macro,,1,NA,NA,17,McIntyre grab,SoSOP3,,2023-09-25 00:00:00,SBR YD101.2 fridge R10,4,Castel,,,,N,NA,2025-01-13 00:00:00,2025-01-17 00:00:00,-20,,,batch_6,,,,EMOBON_ROSKOGO_So_104
EMOBON ROSKOGO So230925 Macro 2,EMOBON mimarks-specimen sediment sample from station ROSKOGO collected on 2023-09-25 community collected macro,33208,Metazoa ,mimarks-specimen,sediment [ENVO:00002007],2023-09-25 00:00:00,ROSKOGO_So_230925,Houbin Castel,,ebb_tide,macro,,2,NA,NA,17,McIntyre grab,SoSOP3,,2023-09-25 00:00:00,SBR YD101.2 fridge R10,4,Castel,,,,N,NA,2025-01-13 00:00:00,2025-01-17 00:00:00,-20,,,batch_6,,,,EMOBON_ROSKOGO_So_105
EMOBON ROSKOGO So230925 Macro 3,EMOBON mimarks-specimen sediment sample from station ROSKOGO collected on 2023-09-25 community collected macro,33208,Metazoa ,mimarks-specimen,sediment [ENVO:00002007],2023-09-25 00:00:00,ROSKOGO_So_230925,Houbin Castel,,ebb_tide,macro,,3,NA,NA,17,McIntyre grab,SoSOP3,,2023-09-25 00:00:00,SBR YD101.2 fridge R10,4,Castel,,,,Y,NA,NA,NA,NA,NA,NA,,NA,NA,NA,EMOBON_ROSKOGO_So_106
EMOBON ROSKOGO So230925 Macro 4,EMOBON mimarks-specimen sediment sample from station ROSKOGO collected on 2023-09-25 community collected macro,33208,Metazoa ,mimarks-specimen,sediment [ENVO:00002007],2023-09-25 00:00:00,ROSKOGO_So_230925,Houbin Castel,,ebb_tide,macro,,4,NA,NA,17,McIntyre grab,SoSOP3,,2023-09-25 00:00:00,SBR YD101.2 fridge R10,4,Castel,,,,Y,NA,NA,NA,NA,NA,NA,,NA,NA,NA,EMOBON_ROSKOGO_So_107
EMOBON ROSKOGO So230925 Macro blank,EMOBON mimarks-specimen sediment sample from station ROSKOGO collected on 2023-09-25 community collected macro,256318,metagenome,mimarks-specimen,swab,2023-09-25 00:00:00,ROSKOGO_So_230925,Houbin Castel,,ebb_tide,macro,,blank_1,NA,NA,,,SoSOP3,,2023-09-25 00:00:00,SBR YD101.2 fridge R10,4,Castel,,,,Y,NA,NA,NA,NA,NA,NA,,NA,NA,NA,EMOBON_ROSKOGO_So_108
EMOBON ROSKOGO So231016 meio 1,EMOBON mimarks-survey sediment sample from station ROSKOGO collected on 2023-10-16 community collected meio,33208,Metazoa ,mimarks-survey,sediment [ENVO:00002007],2023-10-16 00:00:00,ROSKOGO_So_231016,Comtet Camusat Thomas Castel,,high_tide,meio,,1,NA,NA,23,core,SoSOP2,ludox extraction ,2023-10-16 00:00:00,SBR YD001 freezer 17,-80,Castel,,,,,560.5,2025-01-13 00:00:00,2025-01-17 00:00:00,-20,,,batch_6,,,,EMOBON_ROSKOGO_So_109
EMOBON ROSKOGO So231016 meio 2,EMOBON mimarks-specimen sediment sample from station ROSKOGO collected on 2023-10-16 community collected meio,33208,Metazoa ,mimarks-specimen,sediment [ENVO:00002007],2023-10-16 00:00:00,ROSKOGO_So_231016,Comtet Camusat Thomas Castel,,high_tide,meio,,2,NA,NA,23,core,SoSOP2,ludox extraction ,2023-10-16 00:00:00,SBR YD001 freezer 17,-80,Castel,,,,,727,2025-01-13 00:00:00,2025-01-17 00:00:00,-20,,,batch_6,,,,EMOBON_ROSKOGO_So_110
EMOBON ROSKOGO So231016 meio 3,EMOBON mimarks-specimen sediment sample from station ROSKOGO collected on 2023-10-16 community collected meio,33208,Metazoa ,mimarks-specimen,sediment [ENVO:00002007],2023-10-16 00:00:00,ROSKOGO_So_231016,Comtet Camusat Thomas Castel,,high_tide,meio,,3,NA,NA,23,core,SoSOP2,ludox extraction ,2023-10-16 00:00:00,SBR YD001 freezer 17,-80,Castel,,,,,584.5,NA,NA,NA,NA,NA,,NA,NA,NA,EMOBON_ROSKOGO_So_111
EMOBON ROSKOGO So231016 meio 4,EMOBON mimarks-specimen sediment sample from station ROSKOGO collected on 2023-10-16 community collected meio,33208,Metazoa ,mimarks-specimen,sediment [ENVO:00002007],2023-10-16 00:00:00,ROSKOGO_So_231016,Comtet Camusat Thomas Castel,,high_tide,meio,,4,NA,NA,23,core,SoSOP2,ludox extraction ,2023-10-16 00:00:00,SBR YD001 freezer 17,-80,Castel,,,,,565.8,NA,NA,NA,NA,NA,,NA,NA,NA,EMOBON_ROSKOGO_So_112
EMOBON ROSKOGO So231016 micro 1,EMOBON metagenome sediment sample from station ROSKOGO collected on 2023-10-16 community collected micro,412755,marine sediment metagenome,metagenome,sediment [ENVO:00002007],2023-10-16 00:00:00,ROSKOGO_So_231016,Comtet Camusat Thomas Castel,,high_tide,micro,,1,NA,NA,23,core,SoSOP2,,2023-10-16 00:00:00,SBR YD001 freezer 17,-80,Castel,,,,,10.1,2025-01-13 00:00:00,2025-01-17 00:00:00,-20,,,batch_6,,,,EMOBON_ROSKOGO_So_113
EMOBON ROSKOGO So231016 micro 2,EMOBON metagenome sediment sample from station ROSKOGO collected on 2023-10-16 community collected micro,412755,marine sediment metagenome,metagenome,sediment [ENVO:00002007],2023-10-16 00:00:00,ROSKOGO_So_231016,Comtet Camusat Thomas Castel,,high_tide,micro,,2,NA,NA,23,core,SoSOP2,,2023-10-16 00:00:00,SBR YD001 freezer 17,-80,Castel,,,,,9.9,2025-01-13 00:00:00,2025-01-17 00:00:00,-20,,,batch_6,,,,EMOBON_ROSKOGO_So_114
EMOBON ROSKOGO So231016 micro 3,EMOBON metagenome sediment sample from station ROSKOGO collected on 2023-10-16 community collected micro,412755,marine sediment metagenome,metagenome,sediment [ENVO:00002007],2023-10-16 00:00:00,ROSKOGO_So_231016,Comtet Camusat Thomas Castel,,high_tide,micro,,3,NA,NA,23,core,SoSOP2,,2023-10-16 00:00:00,SBR YD001 freezer 17,-80,Castel,,,,,11,NA,NA,NA,NA,NA,,NA,NA,NA,EMOBON_ROSKOGO_So_115
EMOBON ROSKOGO So231016 micro 4,EMOBON metagenome sediment sample from station ROSKOGO collected on 2023-10-16 community collected micro,412755,marine sediment metagenome,metagenome,sediment [ENVO:00002007],2023-10-16 00:00:00,ROSKOGO_So_231016,Comtet Camusat Thomas Castel,,high_tide,micro,,4,NA,NA,23,core,SoSOP2,,2023-10-16 00:00:00,SBR YD001 freezer 17,-80,Castel,,,,,10,NA,NA,NA,NA,NA,,NA,NA,NA,EMOBON_ROSKOGO_So_116
EMOBON ROSKOGO So231016 micro blank,EMOBON metagenome sediment sample from station ROSKOGO collected on 2023-10-16 community collected micro,256318,metagenome,metagenome,swab,2023-10-16 00:00:00,ROSKOGO_So_231016,Comtet Camusat Thomas Castel,,high_tide,micro,,blank_1,NA,NA,,core,SoSOP2,,2023-10-16 00:00:00,SBR YD001 freezer 17,-80,Castel,,,,,NA,NA,NA,NA,NA,NA,,NA,NA,NA,EMOBON_ROSKOGO_So_117
EMOBON ROSKOGO So231211 micro 1,EMOBON metagenome sediment sample from station ROSKOGO collected on 2023-12-11 community collected micro,412755,marine sediment metagenome,metagenome,sediment [ENVO:00002007],2023-12-11 00:00:00,ROSKOGO_So_231211,Comtet Camusat Thomas Castel,,low_tide,micro,,1,NA,NA,17,core,SoSOP2,,2023-12-11 00:00:00,SBR YD001 freezer 17,-80,Comtet,,,,,10,2025-01-13 00:00:00,2025-01-17 00:00:00,-20,,,batch_6,,,,EMOBON_ROSKOGO_So_118
EMOBON ROSKOGO So231211 micro 2,EMOBON metagenome sediment sample from station ROSKOGO collected on 2023-12-11 community collected micro,412755,marine sediment metagenome,metagenome,sediment [ENVO:00002007],2023-12-11 00:00:00,ROSKOGO_So_231211,Comtet Camusat Thomas Castel,,low_tide,micro,,2,NA,NA,17,core,SoSOP2,,2023-12-11 00:00:00,SBR YD001 freezer 17,-80,Comtet,,,,,10.1,2025-01-13 00:00:00,2025-01-17 00:00:00,-20,,,batch_6,,,,EMOBON_ROSKOGO_So_119
EMOBON ROSKOGO So231211 micro 3,EMOBON metagenome sediment sample from station ROSKOGO collected on 2023-12-11 community collected micro,412755,marine sediment metagenome,metagenome,sediment [ENVO:00002007],2023-12-11 00:00:00,ROSKOGO_So_231211,Comtet Camusat Thomas Castel,,low_tide,micro,,3,NA,NA,17,core,SoSOP2,,2023-12-11 00:00:00,SBR YD001 freezer 17,-80,Comtet,,,,,10.2,NA,NA,NA,NA,NA,,NA,NA,NA,EMOBON_ROSKOGO_So_120
EMOBON ROSKOGO So231211 micro 4,EMOBON metagenome sediment sample from station ROSKOGO collected on 2023-12-11 community collected micro,412755,marine sediment metagenome,metagenome,sediment [ENVO:00002007],2023-12-11 00:00:00,ROSKOGO_So_231211,Comtet Camusat Thomas Castel,,low_tide,micro,,4,NA,NA,17,core,SoSOP2,,2023-12-11 00:00:00,SBR YD001 freezer 17,-80,Comtet,,,,,10.7,NA,NA,NA,NA,NA,,NA,NA,NA,EMOBON_ROSKOGO_So_121
EMOBON ROSKOGO So231211 micro blank,EMOBON metagenome sediment sample from station ROSKOGO collected on 2023-12-11 community collected micro,256318,metagenome,metagenome,swab,2023-12-11 00:00:00,ROSKOGO_So_231211,Comtet Camusat Thomas Castel,,low_tide,micro,,blank_1,NA,NA,,core,SoSOP2,,2023-12-11 00:00:00,SBR YD001 freezer 17,-80,Comtet,,,,,NA,NA,NA,NA,NA,NA,,NA,NA,NA,EMOBON_ROSKOGO_So_122
EMOBON ROSKOGO So240221 Macro 1,EMOBON mimarks-specimen sediment sample from station ROSKOGO collected on 2024-02-21 community collected macro,33208,Metazoa ,mimarks-specimen,sediment [ENVO:00002007],2024-02-21 00:00:00,ROSKOGO_So_240221,Houbin Castel,,ebb_tide,macro,,1,NA,NA,17,McIntyre grab,SoSOP3,,2024-02-21 00:00:00,SBR YD101.2 fridge R10,4,Castel,,,,,NA,2025-01-13 00:00:00,2025-01-17 00:00:00,-20,,,batch_6,,,,EMOBON_ROSKOGO_So_123
EMOBON ROSKOGO So240221 Macro 2,EMOBON mimarks-specimen sediment sample from station ROSKOGO collected on 2024-02-21 community collected macro,33208,Metazoa ,mimarks-specimen,sediment [ENVO:00002007],2024-02-21 00:00:00,ROSKOGO_So_240221,Houbin Castel,,ebb_tide,macro,,2,NA,NA,17,McIntyre grab,SoSOP3,,2024-02-21 00:00:00,SBR YD101.2 fridge R10,4,Castel,,,,,NA,2025-01-13 00:00:00,2025-01-17 00:00:00,-20,,,batch_6,,,,EMOBON_ROSKOGO_So_124
EMOBON ROSKOGO So240221 Macro 3,EMOBON mimarks-specimen sediment sample from station ROSKOGO collected on 2024-02-21 community collected macro,33208,Metazoa ,mimarks-specimen,sediment [ENVO:00002007],2024-02-21 00:00:00,ROSKOGO_So_240221,Houbin Castel,,ebb_tide,macro,,3,NA,NA,17,McIntyre grab,SoSOP3,,2024-02-21 00:00:00,SBR YD101.2 fridge R10,4,Castel,,,,,NA,NA,NA,NA,NA,NA,,NA,NA,NA,EMOBON_ROSKOGO_So_125
EMOBON ROSKOGO So240221 Macro 4,EMOBON mimarks-specimen sediment sample from station ROSKOGO collected on 2024-02-21 community collected macro,33208,Metazoa ,mimarks-specimen,sediment [ENVO:00002007],2024-02-21 00:00:00,ROSKOGO_So_240221,Houbin Castel,,ebb_tide,macro,,4,NA,NA,17,McIntyre grab,SoSOP3,,2024-02-21 00:00:00,SBR YD101.2 fridge R10,4,Castel,,,,,NA,NA,NA,NA,NA,NA,,NA,NA,NA,EMOBON_ROSKOGO_So_126
EMOBON ROSKOGO So240221 Macro blank,EMOBON mimarks-specimen sediment sample from station ROSKOGO collected on 2024-02-21 community collected macro,256318,metagenome,mimarks-specimen,swab,2024-02-21 00:00:00,ROSKOGO_So_240221,Houbin Castel,,ebb_tide,macro,,blank_1,NA,NA,,,SoSOP3,,2024-02-21 00:00:00,SBR YD101.2 fridge R10,4,Castel,,,,,NA,2025-01-13 00:00:00,2025-01-17 00:00:00,-20,,,batch_6,,,,EMOBON_ROSKOGO_So_127
EMOBON ROSKOGO So240228 micro 1,EMOBON metagenome sediment sample from station ROSKOGO collected on 2024-02-28 community collected micro,412755,marine sediment metagenome,metagenome,sediment [ENVO:00002007],2024-02-28 00:00:00,ROSKOGO_So_240228,Comtet Camusat Thomas Castel,,high_tide,micro,,1,NA,NA,20,core,SoSOP2,,2024-02-28 00:00:00,SBR YD001 freezer 17,-80,Castel,,,,,10.5,2025-01-13 00:00:00,2025-01-17 00:00:00,-20,,,batch_6,,,,EMOBON_ROSKOGO_So_128
EMOBON ROSKOGO So240228 micro 2,EMOBON metagenome sediment sample from station ROSKOGO collected on 2024-02-28 community collected micro,412755,marine sediment metagenome,metagenome,sediment [ENVO:00002007],2024-02-28 00:00:00,ROSKOGO_So_240228,Comtet Camusat Thomas Castel,,high_tide,micro,,2,NA,NA,20,core,SoSOP2,,2024-02-28 00:00:00,SBR YD001 freezer 17,-80,Castel,,,,,10,2025-01-13 00:00:00,2025-01-17 00:00:00,-20,,,batch_6,,,,EMOBON_ROSKOGO_So_129
EMOBON ROSKOGO So240228 micro 3,EMOBON metagenome sediment sample from station ROSKOGO collected on 2024-02-28 community collected micro,412755,marine sediment metagenome,metagenome,sediment [ENVO:00002007],2024-02-28 00:00:00,ROSKOGO_So_240228,Comtet Camusat Thomas Castel,,high_tide,micro,,3,NA,NA,20,core,SoSOP2,,2024-02-28 00:00:00,SBR YD001 freezer 17,-80,Castel,,,,,11,NA,NA,NA,NA,NA,,NA,NA,NA,EMOBON_ROSKOGO_So_130
EMOBON ROSKOGO So240228 micro 4,EMOBON metagenome sediment sample from station ROSKOGO collected on 2024-02-28 community collected micro,412755,marine sediment metagenome,metagenome,sediment [ENVO:00002007],2024-02-28 00:00:00,ROSKOGO_So_240228,Comtet Camusat Thomas Castel,,high_tide,micro,,4,NA,NA,20,core,SoSOP2,,2024-02-28 00:00:00,SBR YD001 freezer 17,-80,Castel,,,,,10,NA,NA,NA,NA,NA,,NA,NA,NA,EMOBON_ROSKOGO_So_131
EMOBON ROSKOGO So240228 micro blank,EMOBON metagenome sediment sample from station ROSKOGO collected on 2024-02-28 community collected micro,256318,metagenome,metagenome,swab,2024-02-28 00:00:00,ROSKOGO_So_240228,Comtet Camusat Thomas Castel,,high_tide,micro,,blank_1,NA,NA,,core,SoSOP2,,2024-02-28 00:00:00,SBR YD001 freezer 17,-80,Castel,,,,,NA,NA,NA,NA,NA,NA,,NA,NA,NA,EMOBON_ROSKOGO_So_132
EMOBON ROSKOGO So240425 meio 1,EMOBON mimarks-specimen sediment sample from station ROSKOGO collected on 2024-04-25 community collected meio,33208,Metazoa ,mimarks-specimen,sediment [ENVO:00002007],2024-04-25 00:00:00,ROSKOGO_So_240425,Comtet Camusat Thomas Castel,,flood_tide,meio,,1,NA,NA,18,core,SoSOP2,ludox extraction ,2024-04-25 00:00:00,SBR YD101.1 C27,-20,Castel,,,,,503.4,2025-01-13 00:00:00,2025-01-17 00:00:00,-20,,,batch_6,,,,EMOBON_ROSKOGO_So_133
EMOBON ROSKOGO So240425 meio 2,EMOBON mimarks-specimen sediment sample from station ROSKOGO collected on 2024-04-25 community collected meio,33208,Metazoa ,mimarks-specimen,sediment [ENVO:00002007],2024-04-25 00:00:00,ROSKOGO_So_240425,Comtet Camusat Thomas Castel,,flood_tide,meio,,2,NA,NA,18,core,SoSOP2,ludox extraction ,2024-04-25 00:00:00,SBR YD101.1 C27,-20,Castel,,,,,541.8,2025-01-13 00:00:00,2025-01-17 00:00:00,-20,,,batch_6,,,,EMOBON_ROSKOGO_So_134
EMOBON ROSKOGO So240425 meio 3,EMOBON mimarks-specimen sediment sample from station ROSKOGO collected on 2024-04-25 community collected meio,33208,Metazoa ,mimarks-specimen,sediment [ENVO:00002007],2024-04-25 00:00:00,ROSKOGO_So_240425,Comtet Camusat Thomas Castel,,flood_tide,meio,,3,NA,NA,18,core,SoSOP2,ludox extraction ,2024-04-25 00:00:00,SBR YD101.1 C27,-20,Castel,,,,,619.6,NA,NA,NA,NA,NA,,NA,NA,NA,EMOBON_ROSKOGO_So_135
EMOBON ROSKOGO So240425 meio 4,EMOBON mimarks-specimen sediment sample from station ROSKOGO collected on 2024-04-25 community collected meio,33208,Metazoa ,mimarks-specimen,sediment [ENVO:00002007],2024-04-25 00:00:00,ROSKOGO_So_240425,Comtet Camusat Thomas Castel,,flood_tide,meio,,4,NA,NA,18,core,SoSOP2,ludox extraction ,2024-04-25 00:00:00,SBR YD101.1 C27,-20,Castel,,,,,620.6,NA,NA,NA,NA,NA,,NA,NA,NA,EMOBON_ROSKOGO_So_136
EMOBON ROSKOGO So240425 micro 1,EMOBON metagenome sediment sample from station ROSKOGO collected on 2024-04-25 community collected micro,412755,marine sediment metagenome,metagenome,sediment [ENVO:00002007],2024-04-25 00:00:00,ROSKOGO_So_240425,Comtet Camusat Thomas Castel,,flood_tide,micro,,1,NA,NA,18,core,SoSOP2,,2024-04-25 00:00:00,SBR YD001 freezer 17,-80,Castel,,,,,9.9,2025-01-13 00:00:00,2025-01-17 00:00:00,-20,,,batch_6,,,,EMOBON_ROSKOGO_So_137
EMOBON ROSKOGO So240425 micro 2,EMOBON metagenome sediment sample from station ROSKOGO collected on 2024-04-25 community collected micro,412755,marine sediment metagenome,metagenome,sediment [ENVO:00002007],2024-04-25 00:00:00,ROSKOGO_So_240425,Comtet Camusat Thomas Castel,,flood_tide,micro,,2,NA,NA,18,core,SoSOP2,,2024-04-25 00:00:00,SBR YD001 freezer 17,-80,Castel,,,,,10.2,2025-01-13 00:00:00,2025-01-17 00:00:00,-20,,,batch_6,,,,EMOBON_ROSKOGO_So_138
EMOBON ROSKOGO So240425 micro 3,EMOBON metagenome sediment sample from station ROSKOGO collected on 2024-04-25 community collected micro,412755,marine sediment metagenome,metagenome,sediment [ENVO:00002007],2024-04-25 00:00:00,ROSKOGO_So_240425,Comtet Camusat Thomas Castel,,flood_tide,micro,,3,NA,NA,18,core,SoSOP2,,2024-04-25 00:00:00,SBR YD001 freezer 17,-80,Castel,,,,,11,NA,NA,NA,NA,NA,,NA,NA,NA,EMOBON_ROSKOGO_So_139
EMOBON ROSKOGO So240425 micro 4,EMOBON metagenome sediment sample from station ROSKOGO collected on 2024-04-25 community collected micro,412755,marine sediment metagenome,metagenome,sediment [ENVO:00002007],2024-04-25 00:00:00,ROSKOGO_So_240425,Comtet Camusat Thomas Castel,,flood_tide,micro,,4,NA,NA,18,core,SoSOP2,,2024-04-25 00:00:00,SBR YD001 freezer 17,-80,Castel,,,,,11.3,NA,NA,NA,NA,NA,,NA,NA,NA,EMOBON_ROSKOGO_So_140
EMOBON ROSKOGO So240425 micro blank,EMOBON metagenome sediment sample from station ROSKOGO collected on 2024-04-25 community collected micro,256318,metagenome,metagenome,swab,2024-04-25 00:00:00,ROSKOGO_So_240425,Comtet Camusat Thomas Castel,,flood_tide,micro,,blank_1,NA,NA,,core,SoSOP2,,2024-04-25 00:00:00,SBR YD001 freezer 17,-80,Castel,,,,,NA,NA,NA,NA,NA,NA,,NA,NA,NA,EMOBON_ROSKOGO_So_141
EMOBON ROSKOGO So240605 meio 1,EMOBON mimarks-specimen sediment sample from station ROSKOGO collected on 2024-06-05 community collected meio,33208,Metazoa ,mimarks-specimen,sediment [ENVO:00002007],2024-06-05 00:00:00,ROSKOGO_So_240605,Comtet Camusat Thomas Castel,,low_tide,meio,,1,NA,NA,17,core,SoSOP2,ludox extraction ,2024-06-05 00:00:00,SBR YD101.1 C27,-20,Castel,,,,,645.4,2025-01-13 00:00:00,2025-01-17 00:00:00,-20,,,batch_6,,,,EMOBON_ROSKOGO_So_142
EMOBON ROSKOGO So240605 meio 2,EMOBON mimarks-specimen sediment sample from station ROSKOGO collected on 2024-06-05 community collected meio,33208,Metazoa ,mimarks-specimen,sediment [ENVO:00002007],2024-06-05 00:00:00,ROSKOGO_So_240605,Comtet Camusat Thomas Castel,,low_tide,meio,,2,NA,NA,17,core,SoSOP2,ludox extraction ,2024-06-05 00:00:00,SBR YD101.1 C27,-20,Castel,,,,,594.4,2025-01-13 00:00:00,2025-01-17 00:00:00,-20,,,batch_6,,,,EMOBON_ROSKOGO_So_143
EMOBON ROSKOGO So240605 meio 3,EMOBON mimarks-specimen sediment sample from station ROSKOGO collected on 2024-06-05 community collected meio,33208,Metazoa ,mimarks-specimen,sediment [ENVO:00002007],2024-06-05 00:00:00,ROSKOGO_So_240605,Comtet Camusat Thomas Castel,,low_tide,meio,,3,NA,NA,17,core,SoSOP2,ludox extraction ,2024-06-05 00:00:00,SBR YD101.1 C27,-20,Castel,,,,,533.4,NA,NA,NA,NA,NA,,NA,NA,NA,EMOBON_ROSKOGO_So_144
EMOBON ROSKOGO So240605 meio 4,EMOBON mimarks-specimen sediment sample from station ROSKOGO collected on 2024-06-05 community collected meio,33208,Metazoa ,mimarks-specimen,sediment [ENVO:00002007],2024-06-05 00:00:00,ROSKOGO_So_240605,Comtet Camusat Thomas Castel,,low_tide,meio,,4,NA,NA,17,core,SoSOP2,ludox extraction ,2024-06-05 00:00:00,SBR YD101.1 C27,-20,Castel,,,,,488.2,NA,NA,NA,NA,NA,,NA,NA,NA,EMOBON_ROSKOGO_So_145
EMOBON ROSKOGO So240605 meio blank,,,,,,,,,,,,,,,,,,,,,,,,,,,,NA,2025-01-13 00:00:00,2025-01-17 00:00:00,-20,,,batch_6,,,,EMOBON_ROSKOGO_So_146
EMOBON ROSKOGO So240605 micro 1,EMOBON metagenome sediment sample from station ROSKOGO collected on 2024-06-05 community collected micro,412755,marine sediment metagenome,metagenome,sediment [ENVO:00002007],2024-06-05 00:00:00,ROSKOGO_So_240605,Comtet Camusat Thomas Castel,,low_tide,micro,,1,NA,NA,17,core,SoSOP2,,2024-06-05 00:00:00,SBR YD001 freezer 17,-80,Castel,,,,,10.3,2025-01-13 00:00:00,2025-01-17 00:00:00,-20,,,batch_6,,,,EMOBON_ROSKOGO_So_147
EMOBON ROSKOGO So240605 micro 2,EMOBON metagenome sediment sample from station ROSKOGO collected on 2024-06-05 community collected micro,412755,marine sediment metagenome,metagenome,sediment [ENVO:00002007],2024-06-05 00:00:00,ROSKOGO_So_240605,Comtet Camusat Thomas Castel,,low_tide,micro,,2,NA,NA,17,core,SoSOP2,,2024-06-05 00:00:00,SBR YD001 freezer 17,-80,Castel,,,,,9.4,2025-01-13 00:00:00,2025-01-17 00:00:00,-20,,,batch_6,,,,EMOBON_ROSKOGO_So_148
EMOBON ROSKOGO So240605 micro 3,EMOBON metagenome sediment sample from station ROSKOGO collected on 2024-06-05 community collected micro,412755,marine sediment metagenome,metagenome,sediment [ENVO:00002007],2024-06-05 00:00:00,ROSKOGO_So_240605,Comtet Camusat Thomas Castel,,low_tide,micro,,3,NA,NA,17,core,SoSOP2,,2024-06-05 00:00:00,SBR YD001 freezer 17,-80,Castel,,,,,9.5,NA,NA,NA,NA,NA,,NA,NA,NA,EMOBON_ROSKOGO_So_149
EMOBON ROSKOGO So240605 micro 4,EMOBON metagenome sediment sample from station ROSKOGO collected on 2024-06-05 community collected micro,412755,marine sediment metagenome,metagenome,sediment [ENVO:00002007],2024-06-05 00:00:00,ROSKOGO_So_240605,Comtet Camusat Thomas Castel,,low_tide,micro,,4,NA,NA,17,core,SoSOP2,,2024-06-05 00:00:00,SBR YD001 freezer 17,-80,Castel,,,,,10.2,NA,NA,NA,NA,NA,,NA,NA,NA,EMOBON_ROSKOGO_So_150
EMOBON ROSKOGO So240605 micro blank,EMOBON metagenome sediment sample from station ROSKOGO collected on 2024-06-05 community collected micro,256318,metagenome,metagenome,swab,2024-06-05 00:00:00,ROSKOGO_So_240605,Comtet Camusat Thomas Castel,,low_tide,micro,,blank_1,NA,NA,,core,SoSOP2,,2024-06-05 00:00:00,SBR YD001 freezer 17,-80,Castel,,,,,NA,NA,NA,NA,NA,NA,,NA,NA,NA,EMOBON_ROSKOGO_So_151
EMOBON ROSKOGO So240807 micro 1,EMOBON metagenome sediment sample from station ROSKOGO collected on 2024-08-07 community collected micro,412755,marine sediment metagenome,metagenome,sediment [ENVO:00002007],2024-08-07 00:00:00,ROSKOGO_So_240807,Comtet Camusat Thomas Castel,,ebb_tide,micro,,1,NA,NA,18,core,SoSOP2,,2024-08-07 00:00:00,SBR YD001 freezer 17,-80,Castel,,,,,11.8,2025-01-13 00:00:00,2025-01-17 00:00:00,-20,,,batch_6,,,,EMOBON_ROSKOGO_So_152
EMOBON ROSKOGO So240807 micro 2,EMOBON metagenome sediment sample from station ROSKOGO collected on 2024-08-07 community collected micro,412755,marine sediment metagenome,metagenome,sediment [ENVO:00002007],2024-08-07 00:00:00,ROSKOGO_So_240807,Comtet Camusat Thomas Castel,,ebb_tide,micro,,2,NA,NA,18,core,SoSOP2,,2024-08-07 00:00:00,SBR YD001 freezer 17,-80,Castel,,,,,9.8,2025-01-13 00:00:00,2025-01-17 00:00:00,-20,,,batch_6,,,,EMOBON_ROSKOGO_So_153
EMOBON ROSKOGO So240807 micro 3,EMOBON metagenome sediment sample from station ROSKOGO collected on 2024-08-07 community collected micro,412755,marine sediment metagenome,metagenome,sediment [ENVO:00002007],2024-08-07 00:00:00,ROSKOGO_So_240807,Comtet Camusat Thomas Castel,,ebb_tide,micro,,3,NA,NA,18,core,SoSOP2,,2024-08-07 00:00:00,SBR YD001 freezer 17,-80,Castel,,,,,9.6,NA,NA,NA,NA,NA,NA,NA,NA,NA,EMOBON_ROSKOGO_So_154
EMOBON ROSKOGO So240807 micro 4,EMOBON metagenome sediment sample from station ROSKOGO collected on 2024-08-07 community collected micro,412755,marine sediment metagenome,metagenome,sediment [ENVO:00002007],2024-08-07 00:00:00,ROSKOGO_So_240807,Comtet Camusat Thomas Castel,,ebb_tide,micro,,4,NA,NA,18,core,SoSOP2,,2024-08-07 00:00:00,SBR YD001 freezer 17,-80,Castel,,,,,14.7,NA,NA,NA,NA,NA,NA,NA,NA,NA,EMOBON_ROSKOGO_So_155
EMOBON ROSKOGO So240807 micro blank,EMOBON metagenome sediment sample from station ROSKOGO collected on 2024-08-07 community collected micro,256318,metagenome,metagenome,swab,2024-08-07 00:00:00,ROSKOGO_So_240807,Comtet Camusat Thomas Castel,,ebb_tide,micro,,blank_1,NA,NA,,core,SoSOP2,,2024-08-07 00:00:00,SBR YD001 freezer 17,-80,Castel,,,,,NA,NA,NA,NA,NA,NA,NA,NA,NA,NA,EMOBON_ROSKOGO_So_156
EMOBON ROSKOGO So241004 Macro 1,EMOBON mimarks-specimen sediment sample from station ROSKOGO collected on 2024-10-04 community collected macro,33208,Metazoa ,mimarks-specimen,sediment [ENVO:00002007],2024-10-04 00:00:00,ROSKOGO_So_241004,Houbin Castel,,ebb_tide,macro,,1,NA,NA,17,McIntyre grab,SoSOP3,,2024-10-04 00:00:00,SBR YD101.2 fridge R10,4,Castel,,,,N,NA,2025-01-13 00:00:00,2025-01-17 00:00:00,-20,,,batch_6,,,,EMOBON_ROSKOGO_So_157
EMOBON ROSKOGO So241004 Macro 2,EMOBON mimarks-specimen sediment sample from station ROSKOGO collected on 2024-10-04 community collected macro,33208,Metazoa ,mimarks-specimen,sediment [ENVO:00002007],2024-10-04 00:00:00,ROSKOGO_So_241004,Houbin Castel,,ebb_tide,macro,,2,NA,NA,17,McIntyre grab,SoSOP3,,2024-10-04 00:00:00,SBR YD101.2 fridge R10,4,Castel,,,,N,NA,2025-01-13 00:00:00,2025-01-17 00:00:00,-20,,,batch_6,,,,EMOBON_ROSKOGO_So_158
EMOBON ROSKOGO So241004 Macro 3,EMOBON mimarks-specimen sediment sample from station ROSKOGO collected on 2024-10-04 community collected macro,33208,Metazoa ,mimarks-specimen,sediment [ENVO:00002007],2024-10-04 00:00:00,ROSKOGO_So_241004,Houbin Castel,,ebb_tide,macro,,3,NA,NA,17,McIntyre grab,SoSOP3,,2024-10-04 00:00:00,SBR YD101.2 fridge R10,4,Castel,,,,Y,NA,NA,NA,NA,NA,NA,,NA,NA,NA,EMOBON_ROSKOGO_So_159
EMOBON ROSKOGO So241004 Macro 4,EMOBON mimarks-specimen sediment sample from station ROSKOGO collected on 2024-10-04 community collected macro,33208,Metazoa ,mimarks-specimen,sediment [ENVO:00002007],2024-10-04 00:00:00,ROSKOGO_So_241004,Houbin Castel,,ebb_tide,macro,,4,NA,NA,17,McIntyre grab,SoSOP3,,2024-10-04 00:00:00,SBR YD101.2 fridge R10,4,Castel,,,,Y,NA,NA,NA,NA,NA,NA,,NA,NA,NA,EMOBON_ROSKOGO_So_160
EMOBON ROSKOGO So241004 Macro blank,EMOBON mimarks-specimen sediment sample from station ROSKOGO collected on 2024-10-04 community collected macro,256318,metagenome,mimarks-specimen,swab,2024-10-04 00:00:00,ROSKOGO_So_241004,Houbin Castel,,ebb_tide,macro,,blank_1,NA,NA,,,SoSOP3,,2024-10-04 00:00:00,SBR YD101.2 fridge R10,4,Castel,,,,Y,NA,NA,NA,NA,NA,NA,,NA,NA,NA,EMOBON_ROSKOGO_So_161
EMOBON ROSKOGO So241008 meio 1,EMOBON mimarks-specimen sediment sample from station ROSKOGO collected on 2024-10-08 community collected meio,33208,Metazoa ,mimarks-specimen,sediment [ENVO:00002007],2024-10-08 00:00:00,ROSKOGO_So_241008,Comtet Camusat Thomas Castel,,flood_tide,meio,,1,NA,NA,20,core,SoSOP2,ludox extraction to be done ,2024-10-08 00:00:00,SBR YD101.1 C27,-20,Castel,,,,,645,to ship,,,,,,,,Ludox extraction of meiofauna was not possible for batch 6. ,EMOBON_ROSKOGO_So_162
EMOBON ROSKOGO So241008 meio 2,EMOBON mimarks-specimen sediment sample from station ROSKOGO collected on 2024-10-08 community collected meio,33208,Metazoa ,mimarks-specimen,sediment [ENVO:00002007],2024-10-08 00:00:00,ROSKOGO_So_241008,Comtet Camusat Thomas Castel,,flood_tide,meio,,2,NA,NA,20,core,SoSOP2,ludox extraction to be done ,2024-10-08 00:00:00,SBR YD101.1 C27,-20,Castel,,,,,597,to ship,,,,,,,,Ludox extraction of meiofauna was not possible for batch 6. ,EMOBON_ROSKOGO_So_163
EMOBON ROSKOGO So241008 meio 3,EMOBON mimarks-specimen sediment sample from station ROSKOGO collected on 2024-10-08 community collected meio,33208,Metazoa ,mimarks-specimen,sediment [ENVO:00002007],2024-10-08 00:00:00,ROSKOGO_So_241008,Comtet Camusat Thomas Castel,,flood_tide,meio,,3,NA,NA,20,core,SoSOP2,ludox extraction to be done ,2024-10-08 00:00:00,SBR YD101.1 C27,-20,Castel,,,,,579,NA,NA,NA,NA,NA,NA,NA,NA,NA,EMOBON_ROSKOGO_So_164
EMOBON ROSKOGO So241008 meio 4,EMOBON mimarks-specimen sediment sample from station ROSKOGO collected on 2024-10-08 community collected meio,33208,Metazoa ,mimarks-specimen,sediment [ENVO:00002007],2024-10-08 00:00:00,ROSKOGO_So_241008,Comtet Camusat Thomas Castel,,flood_tide,meio,,4,NA,NA,20,core,SoSOP2,ludox extraction to be done ,2024-10-08 00:00:00,SBR YD101.1 C27,-20,Castel,,,,,565,NA,NA,NA,NA,NA,NA,NA,NA,NA,EMOBON_ROSKOGO_So_165
EMOBON ROSKOGO So241008 micro 1,EMOBON metagenome sediment sample from station ROSKOGO collected on 2024-10-08 community collected micro,412755,marine sediment metagenome,metagenome,sediment [ENVO:00002007],2024-10-08 00:00:00,ROSKOGO_So_241008,Comtet Camusat Thomas Castel,,flood_tide,micro,,1,NA,NA,20,core,SoSOP2,,2024-10-08 00:00:00,SBR YD001 freezer 17,-80,Castel,,,,,10.2,2025-01-13 00:00:00,2025-01-17 00:00:00,-20,,,batch_6,,,,EMOBON_ROSKOGO_So_166
EMOBON ROSKOGO So241008 micro 2,EMOBON metagenome sediment sample from station ROSKOGO collected on 2024-10-08 community collected micro,412755,marine sediment metagenome,metagenome,sediment [ENVO:00002007],2024-10-08 00:00:00,ROSKOGO_So_241008,Comtet Camusat Thomas Castel,,flood_tide,micro,,2,NA,NA,20,core,SoSOP2,,2024-10-08 00:00:00,SBR YD001 freezer 17,-80,Castel,,,,,9.9,2025-01-13 00:00:00,2025-01-17 00:00:00,-20,,,batch_6,,,,EMOBON_ROSKOGO_So_167
EMOBON ROSKOGO So241008 micro 3,EMOBON metagenome sediment sample from station ROSKOGO collected on 2024-10-08 community collected micro,412755,marine sediment metagenome,metagenome,sediment [ENVO:00002007],2024-10-08 00:00:00,ROSKOGO_So_241008,Comtet Camusat Thomas Castel,,flood_tide,micro,,3,NA,NA,20,core,SoSOP2,,2024-10-08 00:00:00,SBR YD001 freezer 17,-80,Castel,,,,,10.1,NA,NA,NA,NA,NA,NA,NA,NA,NA,EMOBON_ROSKOGO_So_168
EMOBON ROSKOGO So241008 micro 4,EMOBON metagenome sediment sample from station ROSKOGO collected on 2024-10-08 community collected micro,412755,marine sediment metagenome,metagenome,sediment [ENVO:00002007],2024-10-08 00:00:00,ROSKOGO_So_241008,Comtet Camusat Thomas Castel,,flood_tide,micro,,4,NA,NA,20,core,SoSOP2,,2024-10-08 00:00:00,SBR YD001 freezer 17,-80,Castel,,,,,10.6,NA,NA,NA,NA,NA,NA,NA,NA,NA,EMOBON_ROSKOGO_So_169
EMOBON ROSKOGO So241008 micro blank,EMOBON metagenome sediment sample from station ROSKOGO collected on 2024-10-08 community collected micro,256318,metagenome,metagenome,swab,2024-10-08 00:00:00,ROSKOGO_So_241008,Comtet Camusat Thomas Castel,,flood_tide,micro,,blank_1,NA,NA,,core,SoSOP2,,2024-10-08 00:00:00,SBR YD001 freezer 17,-80,Castel,,,,,NA,NA,NA,NA,NA,NA,NA,NA,NA,NA,EMOBON_ROSKOGO_So_170
EMOBON ROSKOGO So241203 micro 1,EMOBON metagenome sediment sample from station ROSKOGO collected on 2024-12-03 community collected micro,412755,marine sediment metagenome,metagenome,sediment [ENVO:00002007],2024-12-03 00:00:00,ROSKOGO_So_241203,Comtet Camusat Thomas Castel,,ebb_tide,micro,,1,NA,NA,19,core,SoSOP2,,2024-12-03 00:00:00,SBR YD001 freezer 17,-80,Castel,,,,,10.7,2025-01-13 00:00:00,2025-01-17 00:00:00,-20,,,batch_6,,,,EMOBON_ROSKOGO_So_171
EMOBON ROSKOGO So241203 micro 2,EMOBON metagenome sediment sample from station ROSKOGO collected on 2024-12-03 community collected micro,412755,marine sediment metagenome,metagenome,sediment [ENVO:00002007],2024-12-03 00:00:00,ROSKOGO_So_241203,Comtet Camusat Thomas Castel,,ebb_tide,micro,,2,NA,NA,19,core,SoSOP2,,2024-12-03 00:00:00,SBR YD001 freezer 17,-80,Castel,,,,,9.8,2025-01-13 00:00:00,2025-01-17 00:00:00,-20,,,batch_6,,,,EMOBON_ROSKOGO_So_172
EMOBON ROSKOGO So241203 micro 3,EMOBON metagenome sediment sample from station ROSKOGO collected on 2024-12-03 community collected micro,412755,marine sediment metagenome,metagenome,sediment [ENVO:00002007],2024-12-03 00:00:00,ROSKOGO_So_241203,Comtet Camusat Thomas Castel,,ebb_tide,micro,,3,NA,NA,19,core,SoSOP2,,2024-12-03 00:00:00,SBR YD001 freezer 17,-80,Castel,,,,,10,NA,NA,NA,NA,NA,NA,NA,NA,NA,EMOBON_ROSKOGO_So_173
EMOBON ROSKOGO So241203 micro 4,EMOBON metagenome sediment sample from station ROSKOGO collected on 2024-12-03 community collected micro,412755,marine sediment metagenome,metagenome,sediment [ENVO:00002007],2024-12-03 00:00:00,ROSKOGO_So_241203,Comtet Camusat Thomas Castel,,ebb_tide,micro,,4,NA,NA,19,core,SoSOP2,,2024-12-03 00:00:00,SBR YD001 freezer 17,-80,Castel,,,,,10.3,NA,NA,NA,NA,NA,NA,NA,NA,NA,EMOBON_ROSKOGO_So_174
EMOBON ROSKOGO So241203 micro blank,EMOBON metagenome sediment sample from station ROSKOGO collected on 2024-12-03 community collected micro,256318,metagenome,metagenome,swab,2024-12-03 00:00:00,ROSKOGO_So_241203,Comtet Camusat Thomas Castel,,ebb_tide,micro,,blank_1,NA,NA,,core,SoSOP2,,2024-12-03 00:00:00,SBR YD001 freezer 17,-80,Castel,,,,,NA,NA,NA,NA,NA,NA,NA,NA,NA,NA,EMOBON_ROSKOGO_So_175
EMOBON ROSKOGO So250218 Macro 1,EMOBON mimarks-specimen sediment sample from station ROSKOGO collected on 2025-02-18 community collected macro,33208,Metazoa ,mimarks-specimen,sediment [ENVO:00002007],2025-02-18 00:00:00,ROSKOGO_So_250218,Houbin Castel,,ebb_tide,macro,,1,NA,NA,23,McIntyre grab,SoSOP3,,2025-02-18 00:00:00,SBR YD101.2 fridge R10,4,Castel,,,,N,NA,NA,NA,NA,,,NA,,,,EMOBON_ROSKOGO_So_176
EMOBON ROSKOGO So250218 Macro 2,EMOBON mimarks-specimen sediment sample from station ROSKOGO collected on 2025-02-18 community collected macro,33208,Metazoa ,mimarks-specimen,sediment [ENVO:00002007],2025-02-18 00:00:00,ROSKOGO_So_250218,Houbin Castel,,ebb_tide,macro,,2,NA,NA,23,McIntyre grab,SoSOP3,,2025-02-18 00:00:00,SBR YD101.2 fridge R10,4,Castel,,,,N,NA,NA,NA,NA,,,NA,,,,EMOBON_ROSKOGO_So_177
EMOBON ROSKOGO So250218 Macro 3,EMOBON mimarks-specimen sediment sample from station ROSKOGO collected on 2025-02-18 community collected macro,33208,Metazoa ,mimarks-specimen,sediment [ENVO:00002007],2025-02-18 00:00:00,ROSKOGO_So_250218,Houbin Castel,,ebb_tide,macro,,3,NA,NA,23,McIntyre grab,SoSOP3,,2025-02-18 00:00:00,SBR YD101.2 fridge R10,4,Castel,,,,Y,NA,NA,NA,NA,NA,NA,,NA,NA,NA,EMOBON_ROSKOGO_So_178
EMOBON ROSKOGO So250218 Macro 4,EMOBON mimarks-specimen sediment sample from station ROSKOGO collected on 2025-02-18 community collected macro,33208,Metazoa ,mimarks-specimen,sediment [ENVO:00002007],2025-02-18 00:00:00,ROSKOGO_So_250218,Houbin Castel,,ebb_tide,macro,,4,NA,NA,23,McIntyre grab,SoSOP3,,2025-02-18 00:00:00,SBR YD101.2 fridge R10,4,Castel,,,,Y,NA,NA,NA,NA,NA,NA,,NA,NA,NA,EMOBON_ROSKOGO_So_179
EMOBON ROSKOGO So250218 Macro blank,EMOBON mimarks-specimen sediment sample from station ROSKOGO collected on 2025-02-18 community collected macro,256318,metagenome,mimarks-specimen,swab,2025-02-18 00:00:00,ROSKOGO_So_250218,Houbin Castel,,ebb_tide,macro,,blank_1,NA,NA,,,SoSOP3,,2025-02-18 00:00:00,SBR YD101.2 fridge R10,4,Castel,,,,Y,NA,NA,NA,NA,NA,NA,,NA,NA,NA,EMOBON_ROSKOGO_So_180
EMOBON ROSKOGO So250220 micro 1,EMOBON metagenome sediment sample from station ROSKOGO collected on 2025-02-20 community collected micro,412755,marine sediment metagenome,metagenome,sediment [ENVO:00002007],2025-02-20 00:00:00,ROSKOGO_So_250220,Comtet Camusat Thomas Castel,,ebb_tide,micro,,1,NA,NA,20,core,SoSOP2,,2025-02-20 00:00:00,SBR YD001 freezer 17,-80,Castel,,,,,10.1,NA,NA,NA,,,,,,,EMOBON_ROSKOGO_So_181
EMOBON ROSKOGO So250220 micro 2,EMOBON metagenome sediment sample from station ROSKOGO collected on 2025-02-20 community collected micro,412755,marine sediment metagenome,metagenome,sediment [ENVO:00002007],2025-02-20 00:00:00,ROSKOGO_So_250220,Comtet Camusat Thomas Castel,,ebb_tide,micro,,2,NA,NA,20,core,SoSOP2,,2025-02-20 00:00:00,SBR YD001 freezer 17,-80,Castel,,,,,13,NA,NA,NA,,,,,,,EMOBON_ROSKOGO_So_182
EMOBON ROSKOGO So250220 micro 3,EMOBON metagenome sediment sample from station ROSKOGO collected on 2025-02-20 community collected micro,412755,marine sediment metagenome,metagenome,sediment [ENVO:00002007],2025-02-20 00:00:00,ROSKOGO_So_250220,Comtet Camusat Thomas Castel,,ebb_tide,micro,,3,NA,NA,20,core,SoSOP2,,2025-02-20 00:00:00,SBR YD001 freezer 17,-80,Castel,,,,,11,NA,NA,NA,NA,NA,NA,NA,NA,NA,EMOBON_ROSKOGO_So_183
EMOBON ROSKOGO So250220 micro 4,EMOBON metagenome sediment sample from station ROSKOGO collected on 2025-02-20 community collected micro,412755,marine sediment metagenome,metagenome,sediment [ENVO:00002007],2025-02-20 00:00:00,ROSKOGO_So_250220,Comtet Camusat Thomas Castel,,ebb_tide,micro,,4,NA,NA,20,core,SoSOP2,,2025-02-20 00:00:00,SBR YD001 freezer 17,-80,Castel,,,,,10,NA,NA,NA,NA,NA,NA,NA,NA,NA,EMOBON_ROSKOGO_So_184
EMOBON ROSKOGO So250220 micro blank,EMOBON metagenome sediment sample from station ROSKOGO collected on 2025-02-20 community collected micro,256318,metagenome,metagenome,swab,2025-02-20 00:00:00,ROSKOGO_So_250220,Comtet Camusat Thomas Castel,,ebb_tide,micro,,blank_1,NA,NA,,core,SoSOP2,,2025-02-20 00:00:00,SBR YD001 freezer 17,-80,Castel,,,,,NA,NA,NA,NA,NA,NA,NA,NA,NA,NA,EMOBON_ROSKOGO_So_185
EMOBON ROSKOGO So250417 meio 1,EMOBON mimarks-specimen sediment sample from station ROSKOGO collected on 2025-04-17 community collected meio,33208,Metazoa ,mimarks-specimen,sediment [ENVO:00002007],2025-04-17 00:00:00,ROSKOGO_So_250417,Comtet Camusat Thomas Castel,,high_tide,meio,,1,NA,NA,25,core,SoSOP2,ludox extraction to be done ,2025-04-17 00:00:00,SBR YD101.1 C27,-20,Castel,,,,,576,,,,,,,,,,EMOBON_ROSKOGO_So_186
EMOBON ROSKOGO So250417 meio 2,EMOBON mimarks-specimen sediment sample from station ROSKOGO collected on 2025-04-17 community collected meio,33208,Metazoa ,mimarks-specimen,sediment [ENVO:00002007],2025-04-17 00:00:00,ROSKOGO_So_250417,Comtet Camusat Thomas Castel,,high_tide,meio,,2,NA,NA,25,core,SoSOP2,ludox extraction to be done ,2025-04-17 00:00:00,SBR YD101.1 C27,-20,Castel,,,,,691,,,,,,,,,,EMOBON_ROSKOGO_So_187
EMOBON ROSKOGO So250417 meio 3,EMOBON mimarks-specimen sediment sample from station ROSKOGO collected on 2025-04-17 community collected meio,33208,Metazoa ,mimarks-specimen,sediment [ENVO:00002007],2025-04-17 00:00:00,ROSKOGO_So_250417,Comtet Camusat Thomas Castel,,high_tide,meio,,3,NA,NA,25,core,SoSOP2,ludox extraction to be done ,2025-04-17 00:00:00,SBR YD101.1 C27,-20,Castel,,,,,534,,,,,,,,,,EMOBON_ROSKOGO_So_188
EMOBON ROSKOGO So250417 meio 4,EMOBON mimarks-specimen sediment sample from station ROSKOGO collected on 2025-04-17 community collected meio,33208,Metazoa ,mimarks-specimen,sediment [ENVO:00002007],2025-04-17 00:00:00,ROSKOGO_So_250417,Comtet Camusat Thomas Castel,,high_tide,meio,,4,NA,NA,25,core,SoSOP2,ludox extraction to be done ,2025-04-17 00:00:00,SBR YD101.1 C27,-20,Castel,,,,,526,,,,,,,,,,EMOBON_ROSKOGO_So_189
EMOBON ROSKOGO So250417 micro 1,EMOBON metagenome sediment sample from station ROSKOGO collected on 2025-04-17 community collected micro,412755,marine sediment metagenome,metagenome,sediment [ENVO:00002007],2025-04-17 00:00:00,ROSKOGO_So_250417,Comtet Camusat Thomas Castel,,high_tide,micro,,1,NA,NA,25,core,SoSOP2,,2025-04-17 00:00:00,SBR YD001 freezer 17,-80,Castel,,,,,10.3,,,,,,,,,,EMOBON_ROSKOGO_So_190
EMOBON ROSKOGO So250417 micro 2,EMOBON metagenome sediment sample from station ROSKOGO collected on 2025-04-17 community collected micro,412755,marine sediment metagenome,metagenome,sediment [ENVO:00002007],2025-04-17 00:00:00,ROSKOGO_So_250417,Comtet Camusat Thomas Castel,,high_tide,micro,,2,NA,NA,25,core,SoSOP2,,2025-04-17 00:00:00,SBR YD001 freezer 17,-80,Castel,,,,,10.1,,,,,,,,,,EMOBON_ROSKOGO_So_191
EMOBON ROSKOGO So250417 micro 3,EMOBON metagenome sediment sample from station ROSKOGO collected on 2025-04-17 community collected micro,412755,marine sediment metagenome,metagenome,sediment [ENVO:00002007],2025-04-17 00:00:00,ROSKOGO_So_250417,Comtet Camusat Thomas Castel,,high_tide,micro,,3,NA,NA,25,core,SoSOP2,,2025-04-17 00:00:00,SBR YD001 freezer 17,-80,Castel,,,,,9.9,,,,,,,,,,EMOBON_ROSKOGO_So_192
EMOBON ROSKOGO So250417 micro 4,EMOBON metagenome sediment sample from station ROSKOGO collected on 2025-04-17 community collected micro,412755,marine sediment metagenome,metagenome,sediment [ENVO:00002007],2025-04-17 00:00:00,ROSKOGO_So_250417,Comtet Camusat Thomas Castel,,high_tide,micro,,4,NA,NA,25,core,SoSOP2,,2025-04-17 00:00:00,SBR YD001 freezer 17,-80,Castel,,,,,9.8,,,,,,,,,,EMOBON_ROSKOGO_So_193
EMOBON ROSKOGO So250417 micro blank,EMOBON metagenome sediment sample from station ROSKOGO collected on 2025-04-17 community collected micro,256318,metagenome,metagenome,swab,2025-04-17 00:00:00,ROSKOGO_So_250417,Comtet Camusat Thomas Castel,,high_tide,micro,,blank_1,NA,NA,,core,SoSOP2,,2025-04-17 00:00:00,SBR YD001 freezer 17,-80,Castel,,,,,NA,,,,,,,,,,EMOBON_ROSKOGO_So_194
